"index","r_odds","b_odds","gender"
0,-145,135,"male"
1,160,-170,"male"
2,-345,315,"male"
3,-137,127,"male"
4,-160,150,"male"
5,-150,140,"male"
6,-345,315,"female"
7,-122,112,"male"
8,170,-185,"male"
9,-140,130,"female"
10,-110,100,"male"
11,-155,145,"female"
12,-260,240,"male"
13,-185,170,"female"
14,-162,152,"male"
15,157,-167,"male"
16,-125,115,"male"
17,-330,300,"male"
18,-215,195,"male"
19,-570,480,"male"
20,125,-135,"male"
21,-170,160,"male"
22,-120,110,"male"
23,-150,130,"male"
24,-870,585,"female"
25,185,-225,"male"
26,-245,205,"female"
27,-475,380,"male"
28,-130,110,"male"
29,110,-130,"male"
30,-270,230,"male"
31,100,-120,"male"
32,-135,115,"male"
33,-190,165,"male"
34,105,-125,"male"
35,130,-150,"male"
36,100,-120,"male"
37,225,-265,"female"
38,130,-150,"male"
39,120,-140,"male"
40,-115,-105,"male"
41,-210,175,"male"
42,-200,170,"male"
43,170,-200,"male"
44,-260,220,"male"
45,155,-175,"female"
46,180,-220,"female"
47,-220,180,"male"
48,105,-125,"male"
49,-190,165,"male"
50,-245,205,"male"
51,-430,345,"male"
52,-350,290,"male"
53,-380,315,"male"
54,-300,250,"male"
55,-350,290,"male"
56,-420,335,"male"
57,-175,155,"female"
58,-125,105,"male"
59,-220,180,"male"
60,-235,195,"male"
61,-140,120,"male"
62,-185,160,"female"
63,-230,190,"male"
64,120,-140,"male"
65,-140,120,"female"
66,315,-380,"male"
67,190,-230,"male"
68,-255,215,"female"
69,-360,300,"male"
70,-670,485,"male"
71,-360,300,"female"
72,180,-220,"male"
73,220,-260,"male"
74,315,-380,"male"
75,260,-320,"male"
76,-470,375,"male"
77,-200,170,"female"
78,185,-225,"male"
79,-570,480,"male"
80,-570,435,"male"
81,-250,210,"female"
82,-235,195,"male"
83,135,-155,"male"
84,-175,155,"female"
85,-270,230,"male"
86,130,-150,"male"
87,-120,100,"male"
88,-345,285,"male"
89,130,-150,"male"
90,115,-135,"male"
91,-400,325,"male"
92,150,-170,"male"
93,-800,550,"female"
94,205,-245,"male"
95,100,-120,"female"
96,320,-355,"male"
97,150,-170,"male"
98,-220,180,"male"
99,-220,180,"male"
100,-160,140,"male"
101,-250,210,"female"
102,-115,-105,"male"
103,-220,180,"male"
104,-115,-105,"female"
105,-105,-105,"male"
106,-110,-110,"male"
107,130,-150,"male"
108,-105,-115,"male"
109,105,-125,"male"
110,-250,210,"male"
111,155,-175,"male"
112,-115,-105,"male"
113,115,-135,"female"
114,145,-165,"male"
115,110,-130,"female"
116,-185,160,"male"
117,150,-170,"male"
118,-400,325,"male"
119,-335,275,"male"
120,-380,315,"female"
121,-335,275,"male"
122,145,-165,"male"
123,145,-165,"male"
124,165,-190,"female"
125,-440,350,"male"
126,120,-140,"male"
127,-140,120,"male"
128,-150,130,"female"
129,-140,120,"male"
130,-300,250,"male"
131,-140,130,"male"
132,315,-380,"male"
133,-170,150,"male"
134,-390,320,"male"
135,-120,100,"male"
136,100,-120,"male"
137,-160,140,"female"
138,-155,145,"male"
139,180,-220,"female"
140,-550,425,"male"
141,-105,-115,"female"
142,-460,365,"male"
143,-920,610,"female"
144,-240,200,"male"
145,-125,105,"male"
146,-225,185,"male"
147,-170,130,"male"
148,-345,285,"male"
149,260,-320,"female"
150,-132,112,"male"
151,-125,105,"male"
152,-133,113,"male"
153,-210,175,"male"
154,-1100,700,"female"
155,-250,210,"male"
156,-145,125,"male"
157,-190,165,"male"
158,-225,185,"male"
159,-165,145,"male"
160,120,-140,"male"
161,-470,375,"male"
162,-160,140,"female"
163,100,-120,"male"
164,-175,155,"male"
165,240,-280,"male"
166,-130,110,"female"
167,-145,125,"male"
168,-120,100,"male"
169,-165,145,"male"
170,235,-275,"male"
171,140,-160,"male"
172,-1000,650,"male"
173,220,-260,"male"
174,165,-190,"male"
175,-170,150,"male"
176,-290,245,"female"
177,-190,165,"male"
178,-145,125,"female"
179,-200,170,"female"
180,215,-255,"male"
181,-185,160,"male"
182,-110,-110,"male"
183,150,-170,"female"
184,125,-145,"male"
185,140,-160,"male"
186,245,-290,"male"
187,-220,180,"male"
188,-120,100,"male"
189,-115,-105,"female"
190,-400,325,"male"
191,-120,100,"male"
192,-380,315,"male"
193,-550,425,"male"
194,-245,205,"male"
195,210,-250,"female"
196,-300,250,"male"
197,-155,135,"female"
198,-190,165,"male"
199,-390,320,"male"
200,-130,110,"male"
201,-125,105,"male"
202,-190,165,"male"
203,160,-185,"male"
204,-115,-105,"male"
205,-460,365,"male"
206,230,-270,"male"
207,-105,-115,"male"
208,105,-125,"male"
209,115,-135,"male"
210,-130,110,"male"
211,145,-160,"male"
212,-230,190,"male"
213,120,-140,"male"
214,135,-155,"male"
215,125,-145,"female"
216,-525,415,"female"
217,-145,125,"male"
218,-150,130,"male"
219,-105,-115,"male"
220,-115,-105,"female"
221,-300,250,"male"
222,100,-120,"male"
223,-290,245,"female"
224,-400,325,"male"
225,-275,235,"male"
226,-600,450,"male"
227,-105,-115,"male"
228,-105,-115,"male"
229,-290,245,"male"
230,135,-155,"male"
231,-130,110,"male"
232,145,-165,"male"
233,190,-230,"male"
234,-155,135,"male"
235,-430,345,"female"
236,-165,145,"male"
237,-235,195,"male"
238,110,-130,"male"
239,115,-135,"male"
240,-330,270,"male"
241,120,-140,"male"
242,-105,-115,"male"
243,-470,375,"male"
244,325,-400,"male"
245,-165,145,"male"
246,-420,335,"female"
247,155,-175,"female"
248,-220,180,"male"
249,-280,240,"male"
250,-225,185,"male"
251,210,-250,"male"
252,180,-220,"female"
253,-135,115,"male"
254,-370,310,"male"
255,-235,195,"male"
256,150,-170,"female"
257,-700,500,"male"
258,-125,105,"female"
259,-130,110,"male"
260,100,-120,"male"
261,-300,250,"female"
262,155,-175,"male"
263,-145,125,"male"
264,-185,160,"female"
265,130,-150,"male"
266,-140,120,"male"
267,-175,155,"male"
268,-290,245,"male"
269,-145,125,"male"
270,-175,155,"male"
271,-140,120,"male"
272,-250,210,"male"
273,-370,310,"male"
274,-150,130,"female"
275,-140,120,"male"
276,-200,170,"male"
277,170,-200,"male"
278,-170,150,"female"
279,-115,-105,"male"
280,160,-185,"male"
281,-640,470,"female"
282,-115,-105,"male"
283,130,-150,"male"
284,150,-170,"male"
285,135,-155,"male"
286,125,-145,"male"
287,140,-160,"male"
288,-275,235,"male"
289,160,-185,"male"
290,-325,265,"male"
291,-165,145,"male"
292,-150,130,"female"
293,165,-190,"male"
294,170,-200,"male"
295,200,-240,"male"
296,-135,115,"female"
297,205,-245,"male"
298,-305,275,"male"
299,-125,105,"female"
300,110,-120,"male"
301,200,-220,"male"
302,655,-830,"female"
303,125,-135,"male"
304,290,-320,"male"
305,-115,105,"male"
306,130,-140,"male"
307,125,-135,"male"
308,-105,-105,"female"
309,-155,135,"male"
310,-200,170,"male"
311,-115,-105,"male"
312,-115,-105,"male"
313,150,-170,"male"
314,155,-175,"male"
315,-220,180,"male"
316,160,-185,"male"
317,140,-160,"male"
318,-135,115,"female"
319,-115,-105,"male"
320,-110,-110,"male"
321,-275,235,"male"
322,-270,230,"male"
323,-240,200,"male"
324,-235,195,"male"
325,-135,115,"male"
326,-145,125,"male"
327,-330,270,"male"
328,-245,205,"male"
329,-145,125,"male"
330,-265,225,"male"
331,110,-130,"male"
332,-105,-115,"female"
333,-150,130,"male"
334,-160,140,"male"
335,-225,185,"male"
336,-390,320,"male"
337,105,-125,"male"
338,135,-155,"male"
339,170,-200,"male"
340,-430,345,"male"
341,-155,135,"male"
342,-135,115,"male"
343,-235,195,"male"
344,-260,220,"female"
345,195,-235,"female"
346,129,-151,"male"
347,145,-175,"male"
348,-280,220,"male"
349,-118,-118,"male"
350,-138,105,"male"
351,-275,200,"male"
352,-641,484,"male"
353,-275,200,"male"
354,150,-200,"male"
355,-181,159,"male"
356,-151,129,"male"
357,-303,234,"female"
358,126,-154,"male"
359,-190,165,"male"
360,-200,170,"male"
361,-460,365,"female"
362,-165,145,"male"
363,-470,375,"male"
364,-300,250,"male"
365,-240,200,"female"
366,-115,-105,"male"
367,-355,295,"male"
368,-165,145,"male"
369,140,-160,"male"
370,185,-225,"female"
371,-125,105,"male"
372,130,-150,"male"
373,-150,130,"female"
374,130,-150,"male"
375,-210,175,"female"
376,200,-240,"male"
377,-145,125,"male"
378,225,-265,"male"
379,-320,260,"male"
380,110,-130,"male"
381,-400,325,"male"
382,215,-255,"female"
383,-500,400,"male"
384,145,-165,"male"
385,-1100,700,"female"
386,-210,175,"male"
387,300,-360,"male"
388,-160,140,"male"
389,-750,525,"female"
390,-160,140,"male"
391,105,-125,"female"
392,155,-175,"male"
393,-220,180,"female"
394,-170,150,"male"
395,-155,135,"male"
396,-105,-115,"female"
397,-320,260,"male"
398,215,-255,"male"
399,-130,110,"male"
400,-165,145,"male"
401,110,-130,"male"
402,135,-155,"male"
403,-400,325,"female"
404,135,-155,"male"
405,110,-130,"male"
406,-125,105,"female"
407,-110,-110,"male"
408,-105,-115,"male"
409,130,-150,"male"
410,-160,140,"male"
411,-220,180,"female"
412,-1100,700,"male"
413,-420,335,"male"
414,-550,425,"male"
415,-260,220,"female"
416,-900,600,"male"
417,-250,210,"male"
418,145,-165,"male"
419,-260,220,"male"
420,170,-200,"male"
421,-800,550,"male"
422,120,-140,"female"
423,-135,115,"male"
424,-145,125,"male"
425,-125,105,"male"
426,-400,325,"female"
427,105,-125,"male"
428,-125,105,"male"
429,-135,115,"male"
430,525,-750,"male"
431,-170,150,"female"
432,-1100,700,"male"
433,-280,240,"female"
434,-130,110,"male"
435,-110,-110,"male"
436,160,-185,"male"
437,140,-160,"male"
438,-165,145,"male"
439,140,-160,"male"
440,-700,500,"female"
441,-175,155,"male"
442,-420,335,"male"
443,165,-190,"male"
444,115,-135,"male"
445,-120,100,"male"
446,-225,185,"male"
447,-290,245,"male"
448,-165,145,"male"
449,-120,100,"male"
450,-155,135,"male"
451,-470,375,"male"
452,190,-230,"male"
453,145,-165,"male"
454,-130,110,"female"
455,-245,205,"male"
456,-115,105,"male"
457,-610,455,"female"
458,-150,130,"male"
459,-245,205,"male"
460,-320,260,"male"
461,-300,250,"male"
462,270,-330,"female"
463,-230,190,"male"
464,-440,350,"male"
465,-110,-110,"male"
466,-150,130,"male"
467,-135,115,"male"
468,180,-220,"male"
469,120,-140,"male"
470,-220,180,"male"
471,150,-170,"male"
472,-185,160,"male"
473,110,-130,"male"
474,115,-135,"male"
475,-165,145,"male"
476,150,-170,"male"
477,110,-130,"male"
478,-175,155,"male"
479,135,-155,"male"
480,-600,450,"male"
481,145,-165,"female"
482,-190,165,"male"
483,-120,100,"male"
484,130,-150,"male"
485,130,-150,"male"
486,-160,140,"female"
487,-185,160,"male"
488,-145,125,"male"
489,-350,290,"female"
490,450,-600,"male"
491,-125,105,"male"
492,-225,185,"male"
493,-230,190,"male"
494,-165,145,"female"
495,-365,328,"male"
496,-430,345,"male"
497,-275,235,"male"
498,-300,250,"male"
499,150,-170,"male"
500,-225,185,"male"
501,-275,235,"female"
502,130,-150,"male"
503,-170,150,"male"
504,-145,125,"female"
505,135,-155,"female"
506,260,-320,"male"
507,-130,110,"male"
508,-225,185,"male"
509,-140,120,"male"
510,220,-260,"male"
511,-335,275,"male"
512,130,-150,"male"
513,-135,115,"male"
514,-150,130,"male"
515,165,-190,"male"
516,-170,150,"male"
517,130,-140,"male"
518,-175,155,"female"
519,310,-340,"male"
520,200,-240,"male"
521,100,-120,"male"
522,-210,175,"male"
523,100,-120,"male"
524,-220,180,"male"
525,135,-155,"male"
526,-240,200,"male"
527,195,-235,"female"
528,-200,170,"male"
529,215,-255,"male"
530,-130,110,"male"
531,-175,155,"male"
532,-135,115,"male"
533,-800,550,"male"
534,-190,165,"male"
535,240,-280,"male"
536,125,-145,"female"
537,-160,140,"male"
538,260,-320,"male"
539,155,-175,"male"
540,-170,150,"male"
541,200,-240,"male"
542,-150,130,"male"
543,415,-525,"female"
544,-280,240,"female"
545,110,-130,"male"
546,-115,-105,"male"
547,180,-220,"male"
548,-155,135,"female"
549,225,-265,"male"
550,-210,175,"male"
551,140,-160,"male"
552,205,-245,"male"
553,158,-180,"female"
554,-325,265,"male"
555,-470,375,"male"
556,-140,120,"male"
557,-325,265,"male"
558,175,-210,"male"
559,-120,100,"male"
560,295,-355,"female"
561,245,-290,"male"
562,-470,375,"male"
563,130,-150,"male"
564,-135,115,"male"
565,170,-200,"male"
566,160,-185,"female"
567,-160,140,"male"
568,130,-150,"male"
569,-110,-110,"female"
570,-515,410,"male"
571,-450,360,"male"
572,-115,-105,"male"
573,-250,210,"female"
574,-145,125,"male"
575,-270,230,"male"
576,-380,315,"male"
577,-265,220,"male"
578,290,-350,"male"
579,190,-230,"male"
580,105,-125,"male"
581,130,-150,"male"
582,-110,-110,"male"
583,-200,170,"male"
584,-120,100,"male"
585,-235,195,"male"
586,-230,190,"female"
587,115,-135,"male"
588,185,-225,"female"
589,160,-185,"male"
590,-145,125,"male"
591,-130,110,"male"
592,-170,150,"male"
593,-290,245,"male"
594,185,-225,"male"
595,-450,360,"male"
596,-470,375,"male"
597,-240,200,"male"
598,-175,155,"female"
599,-110,-110,"male"
600,-220,180,"male"
601,215,-255,"female"
602,-290,245,"male"
603,-525,415,"male"
604,105,-125,"male"
605,170,-200,"male"
606,-165,145,"male"
607,-290,245,"male"
608,-210,175,"female"
609,-105,-115,"male"
610,-130,110,"male"
611,-140,120,"male"
612,180,-220,"male"
613,-130,120,"female"
614,290,-350,"male"
615,365,-460,"male"
616,-120,100,"male"
617,150,-170,"male"
618,-150,130,"male"
619,155,-175,"male"
620,-335,275,"male"
621,-105,-115,"male"
622,-165,145,"male"
623,255,-310,"male"
624,230,-270,"male"
625,210,-250,"male"
626,-115,-105,"male"
627,130,-150,"male"
628,270,-330,"male"
629,-165,145,"male"
630,-110,-110,"male"
631,375,-470,"male"
632,-110,-110,"male"
633,-300,250,"female"
634,135,-155,"male"
635,-200,170,"male"
636,160,-185,"male"
637,-310,255,"female"
638,-135,115,"male"
639,-235,195,"female"
640,-125,105,"male"
641,-160,140,"male"
642,-400,325,"male"
643,-550,425,"male"
644,435,-570,"male"
645,-160,140,"male"
646,415,-525,"male"
647,-110,-110,"male"
648,-150,130,"male"
649,450,-600,"male"
650,-290,245,"male"
651,250,-300,"male"
652,125,-145,"male"
653,-155,135,"male"
654,300,-360,"male"
655,310,-370,"male"
656,425,-550,"male"
657,270,-330,"male"
658,-175,155,"male"
659,-115,-105,"female"
660,-290,245,"male"
661,100,-120,"male"
662,235,-275,"female"
663,-125,105,"male"
664,100,-120,"male"
665,-140,120,"male"
666,170,-200,"female"
667,-340,280,"male"
668,-340,280,"male"
669,-550,425,"male"
670,-240,200,"male"
671,115,-135,"male"
672,-550,425,"male"
673,-220,180,"male"
674,-140,120,"male"
675,290,-350,"female"
676,-125,105,"male"
677,-550,425,"female"
678,-170,150,"male"
679,-360,300,"female"
680,-590,445,"male"
681,150,-170,"male"
682,175,-210,"male"
683,-175,155,"male"
684,-155,135,"male"
685,-185,160,"male"
686,260,-320,"male"
687,150,-170,"female"
688,-145,125,"male"
689,-320,260,"male"
690,-235,195,"male"
691,100,-120,"male"
692,200,-240,"male"
693,-420,335,"male"
694,110,-130,"male"
695,170,-200,"male"
696,180,-220,"female"
697,-160,140,"male"
698,-470,375,"female"
699,145,-165,"male"
700,-140,120,"female"
701,100,-120,"male"
702,-1000,650,"male"
703,-230,210,"male"
704,125,-145,"male"
705,-230,190,"male"
706,-380,315,"male"
707,-160,140,"male"
708,-325,265,"male"
709,-325,265,"male"
710,245,-290,"male"
711,-300,250,"male"
712,-600,450,"female"
713,-255,215,"male"
714,-630,465,"male"
715,200,-240,"male"
716,-400,325,"male"
717,-170,150,"male"
718,-160,140,"male"
719,-700,500,"male"
720,-345,285,"male"
721,-140,120,"male"
722,-235,195,"male"
723,-245,205,"male"
724,-120,100,"male"
725,600,-750,"male"
726,-200,170,"male"
727,-170,150,"female"
728,-450,360,"male"
729,-160,140,"male"
730,-160,140,"male"
731,-190,165,"male"
732,-355,295,"male"
733,190,-230,"male"
734,135,-155,"male"
735,115,-135,"female"
736,-190,165,"male"
737,-700,500,"male"
738,-185,160,"female"
739,260,-320,"male"
740,205,-245,"female"
741,190,-230,"male"
742,-125,105,"male"
743,-200,170,"male"
744,-500,400,"male"
745,-350,290,"male"
746,-200,170,"male"
747,115,-135,"female"
748,-470,375,"male"
749,-165,145,"male"
750,-105,-115,"male"
751,-230,190,"male"
752,-275,235,"male"
753,120,-140,"female"
754,-160,140,"male"
755,-1000,650,"male"
756,-1500,1000,"female"
757,-120,100,"male"
758,125,-145,"male"
759,120,-140,"male"
760,-440,350,"male"
761,-165,145,"male"
762,-1200,775,"male"
763,-840,570,"male"
764,-600,450,"male"
765,-560,430,"male"
766,240,-280,"male"
767,-680,490,"male"
768,-550,425,"male"
769,-105,-115,"male"
770,-450,360,"female"
771,-1375,900,"male"
772,-150,130,"male"
773,-110,-110,"male"
774,335,-420,"female"
775,-170,150,"male"
776,-210,175,"male"
777,-170,150,"male"
778,175,-210,"male"
779,155,-175,"male"
780,-110,-110,"female"
781,175,-190,"male"
782,120,-140,"male"
783,100,-120,"male"
784,115,-135,"female"
785,335,-420,"male"
786,150,-170,"male"
787,-1200,775,"male"
788,270,-330,"male"
789,-200,170,"male"
790,-140,120,"male"
791,-325,295,"male"
792,-185,160,"female"
793,-240,200,"male"
794,-105,-115,"male"
795,-125,105,"male"
796,-470,375,"male"
797,250,-300,"male"
798,-155,135,"female"
799,-340,280,"male"
800,-210,175,"male"
801,105,-125,"male"
802,-275,235,"male"
803,-140,120,"male"
804,-120,100,"male"
805,260,-320,"female"
806,-470,375,"male"
807,135,-155,"male"
808,100,-120,"male"
809,-320,260,"female"
810,-110,-110,"male"
811,-150,130,"male"
812,-470,375,"male"
813,450,-600,"male"
814,115,-135,"male"
815,-235,195,"male"
816,140,-160,"female"
817,170,-200,"male"
818,120,-140,"female"
819,-105,-115,"male"
820,-150,130,"male"
821,-120,100,"male"
822,175,-210,"male"
823,-190,165,"male"
824,-210,175,"male"
825,140,-160,"male"
826,-150,130,"male"
827,-140,120,"male"
828,180,-220,"male"
829,-105,-115,"male"
830,260,-320,"male"
831,190,-230,"male"
832,-125,105,"male"
833,-190,165,"male"
834,-125,-105,"male"
835,-185,160,"male"
836,-130,110,"male"
837,100,-120,"male"
838,-110,-110,"female"
839,155,-175,"male"
840,180,-220,"male"
841,-105,-115,"male"
842,-165,145,"male"
843,-115,-105,"female"
844,115,-135,"male"
845,150,-170,"female"
846,-160,140,"male"
847,-310,255,"male"
848,-170,150,"male"
849,-175,155,"male"
850,-160,140,"male"
851,245,-290,"male"
852,-140,120,"male"
853,-200,170,"male"
854,-170,150,"male"
855,-115,-105,"male"
856,-185,160,"female"
857,-105,-115,"male"
858,130,-150,"male"
859,220,-260,"male"
860,-130,110,"male"
861,130,-150,"female"
862,115,-135,"male"
863,-145,125,"female"
864,-380,315,"male"
865,-130,110,"male"
866,120,-140,"male"
867,-125,105,"male"
868,180,-220,"male"
869,215,-255,"male"
870,125,-145,"male"
871,-165,145,"female"
872,-245,205,"male"
873,450,-600,"male"
874,-105,-115,"male"
875,145,-165,"male"
876,-290,245,"male"
877,450,-600,"male"
878,-165,145,"female"
879,165,-190,"male"
880,200,-240,"male"
881,-170,150,"female"
882,-275,235,"male"
883,115,-135,"male"
884,-145,125,"female"
885,190,-230,"male"
886,165,-190,"male"
887,170,-200,"male"
888,-270,230,"female"
889,205,-245,"male"
890,-115,-105,"male"
891,188,-205,"male"
892,-200,170,"male"
893,120,-140,"male"
894,-110,-110,"male"
895,-120,100,"male"
896,-400,325,"male"
897,-220,180,"male"
898,-160,140,"male"
899,-185,160,"male"
900,135,-155,"male"
901,-210,175,"female"
902,250,-300,"male"
903,-450,360,"male"
904,-1200,600,"male"
905,205,-245,"male"
906,125,-145,"male"
907,-150,130,"male"
908,-750,525,"male"
909,-245,205,"male"
910,-170,150,"male"
911,325,-400,"male"
912,-160,140,"male"
913,315,-380,"male"
914,140,-160,"female"
915,120,-140,"male"
916,135,-155,"female"
917,-390,320,"male"
918,415,-525,"male"
919,425,-550,"female"
920,180,-220,"male"
921,-175,155,"male"
922,280,-340,"female"
923,-235,195,"male"
924,-190,165,"male"
925,-110,-110,"male"
926,-174,164,"female"
927,-155,145,"male"
928,-235,195,"male"
929,280,-340,"male"
930,265,-325,"male"
931,-700,500,"female"
932,-115,-105,"male"
933,-260,220,"female"
934,-265,225,"male"
935,165,-190,"male"
936,-150,130,"male"
937,135,-145,"male"
938,-185,160,"male"
939,100,-120,"male"
940,-280,240,"male"
941,110,-130,"male"
942,150,-170,"male"
943,-300,250,"male"
944,145,-165,"male"
945,-275,235,"male"
946,-290,245,"male"
947,140,-160,"male"
948,-115,-105,"male"
949,250,-300,"male"
950,-150,130,"male"
951,-110,-110,"male"
952,150,-170,"male"
953,-165,145,"male"
954,-200,170,"male"
955,-125,105,"male"
956,155,-175,"male"
957,-245,205,"male"
958,145,-165,"female"
959,220,-260,"male"
960,-210,175,"male"
961,-120,100,"male"
962,-130,110,"male"
963,-640,470,"male"
964,140,-160,"female"
965,105,-125,"male"
966,-325,265,"male"
967,-110,-110,"male"
968,-430,345,"male"
969,-640,470,"male"
970,-110,-110,"female"
971,-115,-105,"male"
972,-700,500,"male"
973,-145,125,"male"
974,-190,165,"female"
975,-140,120,"male"
976,170,-200,"female"
977,-105,-115,"male"
978,-210,175,"male"
979,-150,130,"male"
980,-430,345,"male"
981,-190,165,"male"
982,-115,-105,"male"
983,-130,110,"male"
984,240,-260,"male"
985,550,-800,"male"
986,-210,175,"male"
987,220,-260,"male"
988,-1000,650,"female"
989,-155,135,"male"
990,-145,125,"male"
991,-185,160,"male"
992,175,-210,"female"
993,390,-490,"female"
994,-420,335,"male"
995,-160,140,"male"
996,-110,-110,"male"
997,270,-330,"male"
998,-105,-115,"male"
999,-255,215,"male"
1000,110,-130,"male"
1001,-250,210,"female"
1002,-165,145,"male"
1003,-300,250,"male"
1004,-165,145,"male"
1005,-190,165,"female"
1006,130,-150,"female"
1007,210,-250,"male"
1008,180,-220,"male"
1009,-220,180,"male"
1010,-140,120,"male"
1011,155,-175,"male"
1012,100,-120,"male"
1013,-110,-110,"male"
1014,-210,175,"male"
1015,-150,130,"male"
1016,130,-150,"male"
1017,-375,313,"male"
1018,-175,155,"male"
1019,-210,175,"male"
1020,135,-145,"male"
1021,130,-150,"female"
1022,300,-360,"male"
1023,-340,280,"male"
1024,160,-185,"male"
1025,165,-190,"male"
1026,-275,235,"male"
1027,125,-145,"male"
1028,-300,250,"male"
1029,115,-135,"male"
1030,305,-365,"male"
1031,-200,170,"male"
1032,-110,-110,"male"
1033,-160,140,"male"
1034,135,-155,"male"
1035,140,-160,"male"
1036,205,-245,"male"
1037,-1100,700,"female"
1038,-120,100,"male"
1039,150,-170,"male"
1040,165,-190,"male"
1041,-255,215,"male"
1042,173,-205,"male"
1043,-240,200,"male"
1044,350,-440,"female"
1045,-120,100,"male"
1046,110,-130,"male"
1047,120,-140,"male"
1048,-150,130,"male"
1049,425,-550,"male"
1050,-140,120,"male"
1051,155,-175,"male"
1052,-550,425,"male"
1053,-190,165,"female"
1054,-155,135,"female"
1055,-160,140,"female"
1056,110,-130,"male"
1057,-365,305,"male"
1058,170,-200,"male"
1059,150,-170,"male"
1060,-345,285,"male"
1061,190,-230,"male"
1062,-155,135,"male"
1063,-145,125,"male"
1064,120,-140,"male"
1065,168,-195,"male"
1066,-135,115,"male"
1067,120,-140,"male"
1068,245,-290,"male"
1069,-290,245,"male"
1070,145,-165,"male"
1071,-120,100,"female"
1072,-750,525,"male"
1073,175,-210,"male"
1074,-180,158,"male"
1075,-200,185,"male"
1076,115,-135,"female"
1077,-290,245,"male"
1078,115,-135,"female"
1079,110,-130,"female"
1080,165,-190,"male"
1081,-325,265,"female"
1082,-410,330,"male"
1083,165,-190,"male"
1084,-220,180,"female"
1085,-130,110,"male"
1086,-360,300,"male"
1087,-175,155,"male"
1088,-270,230,"male"
1089,170,-200,"male"
1090,-190,165,"male"
1091,105,-125,"male"
1092,-290,245,"male"
1093,-155,135,"male"
1094,125,-145,"male"
1095,-190,165,"male"
1096,-340,280,"male"
1097,-145,125,"male"
1098,-155,135,"male"
1099,125,-145,"male"
1100,-160,140,"male"
1101,-160,140,"male"
1102,100,-120,"male"
1103,-330,270,"male"
1104,-145,135,"male"
1105,-145,125,"male"
1106,-470,375,"male"
1107,105,-125,"male"
1108,105,-125,"female"
1109,-345,285,"male"
1110,335,-420,"male"
1111,165,-190,"male"
1112,155,-175,"male"
1113,325,-400,"male"
1114,230,-270,"male"
1115,-260,220,"male"
1116,210,-230,"male"
1117,-320,260,"male"
1118,150,-170,"male"
1119,-250,210,"female"
1120,-135,115,"male"
1121,-390,320,"male"
1122,-130,110,"male"
1123,-115,-105,"female"
1124,-525,415,"female"
1125,225,-265,"male"
1126,415,-525,"male"
1127,-230,190,"male"
1128,-210,175,"female"
1129,-230,190,"male"
1130,-240,200,"female"
1131,150,-170,"male"
1132,-550,425,"female"
1133,145,-165,"male"
1134,300,-360,"female"
1135,-600,450,"male"
1136,375,-420,"female"
1137,165,-190,"female"
1138,165,-190,"female"
1139,243,-285,"male"
1140,-200,170,"male"
1141,120,-140,"male"
1142,-220,180,"male"
1143,-500,400,"male"
1144,250,-300,"male"
1145,120,-140,"female"
1146,-160,140,"male"
1147,105,-125,"male"
1148,-130,120,"female"
1149,140,-150,"male"
1150,-250,210,"male"
1151,-300,250,"male"
1152,-130,110,"female"
1153,-210,175,"male"
1154,-140,120,"male"
1155,-310,255,"male"
1156,-640,470,"male"
1157,-290,245,"male"
1158,345,-430,"male"
1159,155,-175,"male"
1160,105,-125,"male"
1161,170,-200,"female"
1162,270,-330,"male"
1163,155,-175,"male"
1164,-110,-110,"male"
1165,-350,290,"male"
1166,-320,260,"male"
1167,225,-265,"male"
1168,-370,310,"male"
1169,105,-125,"male"
1170,-125,105,"male"
1171,-285,243,"female"
1172,-190,165,"male"
1173,-170,150,"female"
1174,245,-290,"male"
1175,215,-255,"male"
1176,185,-255,"male"
1177,-120,100,"male"
1178,-210,175,"male"
1179,-700,500,"female"
1180,-190,165,"male"
1181,305,-365,"male"
1182,135,-155,"male"
1183,-370,310,"male"
1184,-175,155,"male"
1185,105,-125,"male"
1186,250,-300,"male"
1187,165,-190,"male"
1188,-145,135,"male"
1189,-120,100,"male"
1190,155,-175,"male"
1191,-220,180,"male"
1192,-110,-110,"male"
1193,-485,385,"male"
1194,-130,110,"male"
1195,-370,330,"male"
1196,135,-155,"male"
1197,-230,190,"male"
1198,125,-145,"male"
1199,-265,225,"male"
1200,-150,130,"male"
1201,-600,450,"female"
1202,130,-150,"male"
1203,-220,180,"male"
1204,-355,295,"male"
1205,-115,-105,"male"
1206,130,-150,"male"
1207,150,-170,"male"
1208,250,-300,"male"
1209,200,-240,"female"
1210,200,-240,"male"
1211,-290,245,"male"
1212,-1000,650,"male"
1213,-210,175,"male"
1214,215,-255,"female"
1215,-230,190,"male"
1216,-160,140,"male"
1217,-175,155,"male"
1218,140,-160,"female"
1219,-125,105,"male"
1220,425,-550,"male"
1221,155,-175,"male"
1222,-430,345,"male"
1223,-290,245,"female"
1224,290,-350,"male"
1225,-200,170,"male"
1226,-155,135,"male"
1227,-420,335,"male"
1228,-110,-110,"male"
1229,-150,130,"female"
1230,215,-255,"male"
1231,100,-120,"male"
1232,-500,400,"male"
1233,-420,335,"male"
1234,135,-155,"male"
1235,-420,335,"male"
1236,-1000,650,"male"
1237,-470,375,"male"
1238,-115,-105,"male"
1239,-192,177,"male"
1240,-200,170,"male"
1241,130,-150,"male"
1242,125,-145,"female"
1243,165,-190,"male"
1244,-400,325,"male"
1245,120,-140,"male"
1246,-115,-105,"male"
1247,-200,170,"female"
1248,260,-320,"female"
1249,-370,310,"male"
1250,180,-220,"male"
1251,175,-210,"male"
1252,450,-600,"male"
1253,-130,110,"male"
1254,-130,110,"male"
1255,-320,260,"female"
1256,-250,210,"male"
1257,-190,165,"male"
1258,-525,450,"male"
1259,-390,320,"male"
1260,-250,210,"male"
1261,125,-145,"male"
1262,325,-400,"male"
1263,485,-670,"male"
1264,155,-175,"male"
1265,155,-175,"male"
1266,180,-220,"female"
1267,-165,145,"male"
1268,-300,250,"male"
1269,-130,110,"male"
1270,-165,145,"male"
1271,240,-280,"male"
1272,-175,155,"male"
1273,190,-230,"male"
1274,-245,205,"male"
1275,100,-120,"male"
1276,185,-225,"male"
1277,265,-325,"male"
1278,-220,180,"male"
1279,-1250,800,"female"
1280,-155,135,"male"
1281,-175,155,"male"
1282,-105,-115,"male"
1283,110,-130,"male"
1284,160,-185,"male"
1285,-175,155,"male"
1286,155,-175,"female"
1287,125,-145,"male"
1288,255,-310,"male"
1289,135,-155,"male"
1290,-210,175,"male"
1291,175,-210,"male"
1292,-185,160,"male"
1293,-150,130,"male"
1294,-105,-115,"male"
1295,-175,155,"male"
1296,205,-245,"male"
1297,245,-290,"male"
1298,-235,195,"male"
1299,-280,240,"male"
1300,-700,500,"male"
1301,300,-360,"male"
1302,-174,164,"male"
1303,180,-220,"female"
1304,-185,160,"male"
1305,-500,400,"male"
1306,-145,125,"male"
1307,130,-140,"male"
1308,-190,165,"male"
1309,-350,290,"male"
1310,175,-210,"male"
1311,150,-170,"male"
1312,-350,290,"male"
1313,-225,185,"female"
1314,110,-130,"male"
1315,120,-140,"male"
1316,470,-640,"male"
1317,-235,195,"male"
1318,-265,225,"male"
1319,-290,245,"male"
1320,-550,425,"male"
1321,-160,140,"male"
1322,115,-135,"male"
1323,-245,205,"male"
1324,-250,210,"male"
1325,-165,145,"male"
1326,150,-170,"male"
1327,-350,290,"male"
1328,-115,-105,"male"
1329,-190,165,"male"
1330,-340,280,"female"
1331,-550,425,"male"
1332,125,-145,"male"
1333,-470,375,"female"
1334,285,-345,"male"
1335,125,-145,"male"
1336,125,-145,"male"
1337,140,-160,"female"
1338,-310,255,"male"
1339,115,-135,"male"
1340,290,-350,"male"
1341,315,-380,"male"
1342,360,-450,"male"
1343,-135,115,"male"
1344,-125,105,"male"
1345,-160,140,"male"
1346,-570,435,"female"
1347,190,-230,"male"
1348,200,-240,"male"
1349,170,-200,"male"
1350,325,-360,"male"
1351,300,-360,"male"
1352,-320,260,"male"
1353,-525,415,"male"
1354,-120,100,"male"
1355,-275,235,"male"
1356,100,-120,"female"
1357,-150,130,"male"
1358,-250,210,"male"
1359,-145,125,"male"
1360,-305,275,"male"
1361,-170,160,"male"
1362,-580,440,"male"
1363,105,-125,"male"
1364,175,-210,"male"
1365,-210,175,"male"
1366,310,-370,"male"
1367,-200,170,"female"
1368,-145,125,"male"
1369,-280,240,"female"
1370,-180,158,"male"
1371,-265,225,"male"
1372,120,-140,"male"
1373,220,-260,"male"
1374,-110,-110,"male"
1375,-380,315,"male"
1376,-180,158,"female"
1377,-260,220,"male"
1378,-300,250,"male"
1379,375,-470,"male"
1380,-135,115,"male"
1381,-275,235,"male"
1382,275,-335,"male"
1383,-165,145,"male"
1384,-670,485,"male"
1385,130,-150,"male"
1386,135,-155,"male"
1387,-130,110,"male"
1388,-275,235,"male"
1389,-290,245,"male"
1390,-165,145,"male"
1391,-190,165,"female"
1392,-115,-105,"male"
1393,-140,120,"male"
1394,-170,150,"male"
1395,110,-130,"male"
1396,-110,-110,"male"
1397,-110,-110,"male"
1398,-355,320,"male"
1399,140,-160,"female"
1400,-135,115,"male"
1401,315,-380,"male"
1402,-600,450,"male"
1403,-420,335,"male"
1404,-160,140,"male"
1405,-400,325,"male"
1406,145,-165,"male"
1407,105,-125,"male"
1408,-125,105,"male"
1409,-120,100,"male"
1410,-280,240,"male"
1411,-110,-110,"female"
1412,-290,245,"female"
1413,-330,270,"male"
1414,130,-150,"male"
1415,-1100,700,"male"
1416,110,-130,"female"
1417,-265,225,"male"
1418,-170,150,"male"
1419,-155,135,"male"
1420,650,-1000,"male"
1421,270,-330,"male"
1422,160,-185,"male"
1423,-400,325,"male"
1424,-140,120,"male"
1425,270,-330,"male"
1426,-550,425,"male"
1427,-165,145,"female"
1428,120,-140,"male"
1429,-105,-115,"male"
1430,-280,240,"female"
1431,110,-130,"male"
1432,-220,180,"male"
1433,-450,360,"male"
1434,-290,245,"male"
1435,-255,215,"male"
1436,-105,-115,"male"
1437,-290,245,"male"
1438,-200,170,"male"
1439,-135,115,"female"
1440,470,-640,"male"
1441,-145,125,"male"
1442,-335,275,"male"
1443,-150,130,"male"
1444,-115,-105,"male"
1445,-550,425,"male"
1446,-210,175,"male"
1447,170,-200,"male"
1448,100,-120,"male"
1449,-175,155,"male"
1450,135,-155,"male"
1451,-400,325,"female"
1452,285,-345,"male"
1453,-155,135,"male"
1454,-160,140,"male"
1455,110,-130,"male"
1456,-110,-110,"female"
1457,175,-210,"male"
1458,150,-170,"male"
1459,-200,170,"male"
1460,-240,200,"male"
1461,-300,250,"male"
1462,105,-125,"male"
1463,280,-340,"male"
1464,120,-140,"male"
1465,-360,300,"male"
1466,-245,205,"male"
1467,150,-170,"female"
1468,-130,110,"male"
1469,-175,155,"male"
1470,-750,525,"male"
1471,130,-150,"male"
1472,-145,125,"male"
1473,-140,120,"male"
1474,-150,130,"male"
1475,-105,-115,"male"
1476,110,-130,"male"
1477,130,-160,"male"
1478,-105,-115,"male"
1479,-800,550,"female"
1480,-370,310,"male"
1481,265,-325,"male"
1482,-260,200,"female"
1483,-275,235,"male"
1484,145,-165,"male"
1485,-300,250,"male"
1486,100,-130,"female"
1487,100,-120,"male"
1488,-600,450,"male"
1489,-230,190,"male"
1490,-450,360,"male"
1491,-145,115,"male"
1492,485,-670,"male"
1493,270,-330,"male"
1494,-175,155,"male"
1495,-325,250,"male"
1496,-185,160,"male"
1497,-380,315,"female"
1498,115,-135,"male"
1499,-420,335,"male"
1500,-270,230,"male"
1501,-800,550,"female"
1502,325,-400,"male"
1503,-350,290,"male"
1504,105,-125,"male"
1505,-450,317,"female"
1506,-105,-115,"male"
1507,145,-185,"male"
1508,-185,160,"female"
1509,-175,155,"male"
1510,335,-420,"male"
1511,115,-135,"male"
1512,120,-140,"male"
1513,-145,125,"male"
1514,110,-130,"male"
1515,165,-190,"male"
1516,-110,-110,"male"
1517,-130,110,"male"
1518,100,-120,"male"
1519,105,-125,"male"
1520,-350,290,"male"
1521,-140,120,"male"
1522,-135,115,"male"
1523,140,-160,"male"
1524,260,-320,"male"
1525,-160,140,"male"
1526,-140,120,"male"
1527,-170,150,"male"
1528,135,-175,"female"
1529,-155,135,"male"
1530,210,-250,"male"
1531,100,-120,"male"
1532,165,-190,"female"
1533,-245,205,"male"
1534,-230,190,"male"
1535,-145,125,"male"
1536,120,-140,"male"
1537,170,-200,"male"
1538,-120,100,"male"
1539,180,-220,"male"
1540,-155,135,"male"
1541,-140,120,"male"
1542,-110,-110,"female"
1543,140,-160,"male"
1544,-340,280,"male"
1545,125,-145,"male"
1546,-230,190,"male"
1547,-115,-105,"male"
1548,300,-360,"male"
1549,-135,115,"male"
1550,-195,168,"male"
1551,255,-310,"female"
1552,-170,150,"male"
1553,-125,105,"male"
1554,-160,140,"male"
1555,-300,250,"male"
1556,-300,250,"male"
1557,195,-235,"male"
1558,-125,105,"male"
1559,-170,150,"male"
1560,-115,-105,"male"
1561,-185,160,"male"
1562,-120,100,"female"
1563,-130,110,"male"
1564,135,-155,"male"
1565,180,-220,"male"
1566,-130,110,"male"
1567,-250,210,"male"
1568,-440,350,"male"
1569,-400,325,"male"
1570,-190,165,"male"
1571,-230,190,"female"
1572,-150,130,"male"
1573,170,-200,"male"
1574,-200,170,"male"
1575,165,-190,"male"
1576,220,-260,"male"
1577,130,-150,"male"
1578,-230,190,"female"
1579,-900,600,"male"
1580,-200,163,"male"
1581,175,-210,"male"
1582,-230,190,"male"
1583,-155,135,"female"
1584,-190,165,"male"
1585,145,-165,"male"
1586,-270,230,"male"
1587,-150,130,"male"
1588,-120,100,"female"
1589,-105,-115,"male"
1590,-105,-115,"male"
1591,100,-120,"male"
1592,-550,425,"male"
1593,-110,-110,"male"
1594,135,-155,"male"
1595,-105,-115,"male"
1596,-110,-110,"female"
1597,165,-190,"male"
1598,130,-150,"male"
1599,-135,115,"male"
1600,-140,120,"male"
1601,-145,125,"male"
1602,-110,-110,"male"
1603,115,-135,"male"
1604,-340,280,"male"
1605,-300,250,"male"
1606,-460,365,"female"
1607,-135,115,"male"
1608,175,-210,"male"
1609,-150,130,"male"
1610,110,-130,"male"
1611,-165,145,"male"
1612,-140,120,"male"
1613,-290,245,"male"
1614,135,-155,"male"
1615,-155,135,"male"
1616,-560,430,"male"
1617,-105,-115,"male"
1618,-150,130,"male"
1619,220,-260,"male"
1620,-250,210,"male"
1621,-200,170,"male"
1622,-145,125,"male"
1623,-140,120,"female"
1624,-140,130,"male"
1625,-170,150,"male"
1626,-225,185,"female"
1627,-220,180,"male"
1628,270,-330,"male"
1629,140,-160,"male"
1630,160,-185,"male"
1631,-400,325,"female"
1632,-220,180,"male"
1633,-140,120,"female"
1634,-325,265,"male"
1635,-345,285,"male"
1636,-145,125,"male"
1637,-125,105,"male"
1638,135,-155,"male"
1639,145,-165,"female"
1640,-140,120,"male"
1641,250,-300,"male"
1642,-110,-110,"male"
1643,-105,-115,"male"
1644,-115,-105,"male"
1645,-620,460,"female"
1646,-240,200,"male"
1647,-135,115,"male"
1648,125,-135,"male"
1649,-105,-115,"male"
1650,-165,145,"male"
1651,-155,135,"male"
1652,-550,425,"male"
1653,-260,220,"male"
1654,300,-360,"male"
1655,-145,125,"male"
1656,-190,165,"male"
1657,-580,440,"male"
1658,130,-150,"male"
1659,-190,165,"male"
1660,150,-170,"male"
1661,245,-290,"male"
1662,110,-130,"male"
1663,175,-210,"male"
1664,105,-125,"male"
1665,-320,260,"male"
1666,-260,220,"male"
1667,-525,450,"male"
1668,-135,115,"male"
1669,-150,130,"male"
1670,-145,125,"male"
1671,-125,105,"male"
1672,140,-160,"male"
1673,100,-120,"male"
1674,195,-235,"male"
1675,-115,-105,"female"
1676,-1000,650,"male"
1677,-640,470,"male"
1678,-420,335,"male"
1679,-155,135,"male"
1680,-800,550,"male"
1681,-110,-110,"male"
1682,-245,205,"male"
1683,-105,-115,"male"
1684,-210,175,"male"
1685,130,-150,"male"
1686,145,-165,"male"
1687,-580,440,"male"
1688,-140,120,"male"
1689,-165,145,"male"
1690,160,-185,"male"
1691,-340,280,"male"
1692,100,-120,"male"
1693,115,-135,"male"
1694,-150,130,"male"
1695,100,-120,"male"
1696,375,-470,"male"
1697,-280,240,"male"
1698,125,-145,"male"
1699,425,-550,"male"
1700,-110,-110,"male"
1701,-145,125,"male"
1702,-265,225,"male"
1703,345,-430,"male"
1704,150,-170,"male"
1705,-130,110,"female"
1706,-125,105,"female"
1707,-220,180,"male"
1708,-550,425,"male"
1709,-150,130,"male"
1710,-130,110,"male"
1711,110,-130,"male"
1712,-700,500,"male"
1713,-170,150,"male"
1714,-335,275,"male"
1715,110,-130,"male"
1716,170,-200,"male"
1717,-240,200,"female"
1718,-160,140,"male"
1719,-135,115,"male"
1720,-105,-115,"male"
1721,-450,360,"male"
1722,115,-135,"male"
1723,-165,145,"male"
1724,-210,175,"female"
1725,-140,120,"male"
1726,-270,230,"male"
1727,115,-135,"male"
1728,270,-330,"male"
1729,-160,140,"male"
1730,-320,290,"male"
1731,-145,125,"male"
1732,115,-135,"male"
1733,-240,200,"male"
1734,120,-140,"male"
1735,-275,235,"male"
1736,-420,335,"male"
1737,-525,415,"male"
1738,-320,260,"female"
1739,-140,120,"male"
1740,-155,135,"female"
1741,-140,120,"male"
1742,-420,335,"male"
1743,145,-165,"male"
1744,-335,275,"male"
1745,-300,250,"male"
1746,-175,155,"male"
1747,-110,-110,"male"
1748,110,-130,"male"
1749,-275,235,"female"
1750,-150,130,"male"
1751,-110,-110,"male"
1752,-140,120,"male"
1753,-230,190,"male"
1754,-330,270,"male"
1755,100,-120,"male"
1756,-120,100,"male"
1757,-190,165,"female"
1758,-310,255,"male"
1759,130,-150,"male"
1760,-105,-115,"male"
1761,-240,200,"male"
1762,225,-265,"male"
1763,-135,115,"male"
1764,-360,300,"male"
1765,-235,195,"male"
1766,-105,-115,"male"
1767,-190,165,"female"
1768,-255,215,"male"
1769,-600,450,"male"
1770,125,-145,"female"
1771,-155,135,"male"
1772,-240,200,"male"
1773,-250,210,"male"
1774,-220,180,"male"
1775,-220,180,"male"
1776,-120,100,"male"
1777,105,-125,"male"
1778,-115,-105,"male"
1779,-800,550,"male"
1780,205,-245,"male"
1781,-185,160,"male"
1782,-155,135,"male"
1783,105,-125,"male"
1784,-170,150,"female"
1785,235,-275,"male"
1786,140,-160,"female"
1787,-260,220,"male"
1788,150,-170,"male"
1789,-220,180,"male"
1790,265,-325,"female"
1791,140,-160,"male"
1792,-430,345,"male"
1793,120,-140,"male"
1794,-355,295,"male"
1795,-175,155,"female"
1796,-105,-115,"male"
1797,-420,335,"male"
1798,-490,390,"male"
1799,-125,105,"male"
1800,-290,245,"male"
1801,-290,245,"male"
1802,-130,110,"female"
1803,-160,140,"male"
1804,-370,310,"female"
1805,305,-365,"male"
1806,-220,180,"male"
1807,115,-135,"male"
1808,-165,145,"male"
1809,-140,120,"male"
1810,-145,125,"male"
1811,-115,-105,"male"
1812,-160,140,"male"
1813,-310,255,"male"
1814,-290,245,"male"
1815,-130,110,"male"
1816,-145,125,"male"
1817,-440,390,"male"
1818,-125,105,"male"
1819,-130,110,"male"
1820,-250,210,"male"
1821,200,-240,"male"
1822,-155,135,"male"
1823,-265,225,"male"
1824,105,-125,"male"
1825,-375,313,"male"
1826,-105,-115,"male"
1827,-170,150,"male"
1828,-135,115,"male"
1829,-470,375,"male"
1830,-150,130,"female"
1831,-115,-105,"male"
1832,-220,180,"male"
1833,-170,150,"male"
1834,105,-125,"male"
1835,-235,195,"male"
1836,-115,-105,"female"
1837,-235,195,"male"
1838,-260,220,"male"
1839,-750,525,"male"
1840,-380,315,"male"
1841,-270,230,"male"
1842,265,-325,"male"
1843,-185,160,"male"
1844,-235,195,"male"
1845,-140,120,"male"
1846,110,-130,"female"
1847,-165,145,"male"
1848,-110,-110,"male"
1849,-165,145,"male"
1850,120,-140,"male"
1851,-115,-105,"male"
1852,-200,170,"male"
1853,-150,130,"male"
1854,115,-135,"male"
1855,125,-145,"male"
1856,-115,-105,"male"
1857,245,-290,"male"
1858,-125,105,"female"
1859,-320,260,"male"
1860,110,-130,"male"
1861,120,-140,"male"
1862,-310,255,"male"
1863,245,-290,"male"
1864,-185,160,"male"
1865,-280,240,"male"
1866,-1500,1200,"male"
1867,140,-160,"male"
1868,-600,450,"male"
1869,-350,290,"male"
1870,-360,300,"male"
1871,-275,235,"male"
1872,-145,125,"male"
1873,195,-235,"male"
1874,-430,345,"male"
1875,100,-120,"male"
1876,-240,200,"male"
1877,185,-225,"male"
1878,-155,135,"male"
1879,-400,325,"female"
1880,-200,170,"male"
1881,-320,260,"female"
1882,-165,145,"male"
1883,-250,210,"male"
1884,-110,-110,"male"
1885,-160,140,"male"
1886,-600,450,"male"
1887,-270,230,"male"
1888,-135,115,"male"
1889,-720,510,"male"
1890,-340,280,"male"
1891,-190,165,"male"
1892,-325,265,"male"
1893,-110,-110,"male"
1894,-225,185,"male"
1895,-355,295,"male"
1896,-190,165,"female"
1897,170,-200,"male"
1898,160,-185,"male"
1899,-120,100,"male"
1900,300,-360,"male"
1901,-225,185,"male"
1902,-160,140,"female"
1903,-1000,650,"male"
1904,-115,-105,"male"
1905,-165,145,"male"
1906,180,-220,"female"
1907,100,-120,"male"
1908,125,-145,"male"
1909,-450,400,"male"
1910,-185,160,"male"
1911,125,-145,"male"
1912,-105,-115,"male"
1913,-150,130,"male"
1914,140,-160,"male"
1915,-110,-110,"male"
1916,280,-340,"male"
1917,-170,150,"female"
1918,-105,-115,"male"
1919,-150,130,"male"
1920,-320,260,"male"
1921,-110,100,"male"
1922,-110,-110,"male"
1923,-135,115,"male"
1924,155,-175,"male"
1925,-150,130,"male"
1926,100,-120,"male"
1927,105,-125,"male"
1928,385,-485,"male"
1929,-255,215,"male"
1930,-110,-110,"female"
1931,415,-525,"male"
1932,-160,150,"male"
1933,-130,110,"female"
1934,-125,105,"male"
1935,-105,-115,"male"
1936,-300,250,"male"
1937,-425,340,"male"
1938,-300,250,"female"
1939,160,-185,"male"
1940,-250,210,"male"
1941,-105,-115,"female"
1942,-335,275,"male"
1943,-225,185,"male"
1944,-300,250,"male"
1945,155,-175,"male"
1946,160,-185,"male"
1947,-190,165,"male"
1948,-175,155,"male"
1949,-275,235,"male"
1950,-300,250,"male"
1951,-1165,750,"male"
1952,-155,135,"male"
1953,160,-185,"male"
1954,-185,160,"male"
1955,-360,300,"male"
1956,-340,280,"male"
1957,135,-155,"male"
1958,170,-200,"male"
1959,-110,-110,"male"
1960,100,-110,"male"
1961,-115,-105,"male"
1962,-270,230,"male"
1963,-365,305,"male"
1964,-450,360,"male"
1965,-355,295,"male"
1966,-225,185,"male"
1967,-185,160,"male"
1968,-105,-115,"male"
1969,-130,110,"male"
1970,-135,115,"male"
1971,-260,220,"male"
1972,-190,165,"female"
1973,-310,255,"female"
1974,105,-125,"male"
1975,-290,245,"male"
1976,-115,-105,"male"
1977,-420,335,"male"
1978,-420,335,"male"
1979,-700,500,"male"
1980,135,-155,"male"
1981,-130,110,"male"
1982,-105,-115,"male"
1983,-185,160,"male"
1984,-350,290,"male"
1985,-525,450,"male"
1986,-135,115,"male"
1987,-250,210,"male"
1988,-140,120,"male"
1989,150,-170,"male"
1990,-275,235,"male"
1991,-265,225,"male"
1992,-260,220,"male"
1993,-175,155,"male"
1994,-275,235,"male"
1995,-115,-105,"male"
1996,-290,245,"male"
1997,125,-145,"male"
1998,295,-355,"male"
1999,-155,135,"male"
2000,-155,135,"male"
2001,-360,300,"male"
2002,-170,150,"male"
2003,-150,130,"male"
2004,130,-150,"male"
2005,-170,150,"male"
2006,-470,375,"male"
2007,-125,105,"male"
2008,-240,200,"male"
2009,-265,245,"male"
2010,-255,215,"male"
2011,-220,180,"male"
2012,140,-160,"male"
2013,-115,-105,"male"
2014,-240,220,"male"
2015,210,-250,"male"
2016,145,-165,"male"
2017,135,-155,"male"
2018,-600,450,"male"
2019,-370,310,"male"
2020,-220,180,"female"
2021,-220,180,"male"
2022,130,-150,"male"
2023,120,-140,"male"
2024,-165,145,"male"
2025,-170,150,"male"
2026,-235,195,"male"
2027,-360,300,"male"
2028,-165,145,"female"
2029,145,-165,"male"
2030,-440,350,"male"
2031,-115,-105,"female"
2032,-220,180,"male"
2033,-140,120,"male"
2034,-110,-110,"male"
2035,-240,200,"male"
2036,110,-130,"male"
2037,-140,120,"male"
2038,-115,-105,"male"
2039,-150,130,"male"
2040,-140,120,"male"
2041,105,-125,"male"
2042,-450,360,"male"
2043,-490,390,"male"
2044,-290,245,"female"
2045,105,-125,"male"
2046,475,-650,"male"
2047,300,-360,"male"
2048,-170,150,"male"
2049,-165,145,"male"
2050,-135,115,"male"
2051,-165,145,"male"
2052,130,-150,"male"
2053,165,-190,"male"
2054,-275,235,"male"
2055,105,-125,"male"
2056,120,-140,"male"
2057,-220,180,"male"
2058,110,-130,"male"
2059,-145,125,"male"
2060,120,-140,"female"
2061,130,-150,"male"
2062,-1000,650,"male"
2063,-225,185,"male"
2064,-410,330,"male"
2065,-145,125,"male"
2066,-310,255,"male"
2067,-640,470,"male"
2068,-170,150,"male"
2069,-150,140,"male"
2070,-355,295,"male"
2071,-360,300,"female"
2072,-230,190,"male"
2073,-800,550,"male"
2074,-145,125,"male"
2075,-250,210,"male"
2076,105,-125,"male"
2077,-115,-105,"male"
2078,270,-330,"male"
2079,120,-140,"female"
2080,135,-155,"male"
2081,-160,140,"male"
2082,-130,110,"male"
2083,270,-330,"male"
2084,-440,350,"male"
2085,425,-550,"male"
2086,-230,190,"male"
2087,-210,175,"male"
2088,130,-150,"male"
2089,-150,130,"male"
2090,155,-175,"male"
2091,115,-135,"male"
2092,190,-230,"male"
2093,-170,150,"male"
2094,-190,165,"male"
2095,115,-135,"male"
2096,-750,525,"female"
2097,-1400,925,"female"
2098,-290,245,"male"
2099,-155,135,"male"
2100,-160,140,"male"
2101,-1000,650,"male"
2102,205,-245,"male"
2103,450,-600,"male"
2104,-135,115,"male"
2105,230,-270,"male"
2106,-420,335,"male"
2107,-400,325,"male"
2108,-130,110,"male"
2109,-320,270,"male"
2110,-525,415,"male"
2111,-525,415,"male"
2112,-280,240,"male"
2113,155,-175,"male"
2114,500,-700,"male"
2115,-130,110,"male"
2116,170,-200,"male"
2117,-170,160,"male"
2118,160,-185,"male"
2119,110,-130,"male"
2120,-170,150,"male"
2121,165,-190,"male"
2122,160,-185,"male"
2123,-240,200,"male"
2124,125,-145,"male"
2125,-130,110,"male"
2126,-550,425,"male"
2127,100,-120,"female"
2128,-145,125,"male"
2129,240,-280,"male"
2130,-155,135,"male"
2131,-330,270,"male"
2132,-255,215,"male"
2133,115,-135,"male"
2134,165,-190,"male"
2135,-340,280,"male"
2136,220,-260,"female"
2137,-270,230,"male"
2138,220,-260,"male"
2139,110,-130,"male"
2140,-265,245,"female"
2141,375,-470,"male"
2142,170,-200,"male"
2143,150,-170,"male"
2144,-345,285,"male"
2145,-400,325,"male"
2146,-420,335,"male"
2147,-240,200,"male"
2148,210,-230,"male"
2149,-290,245,"male"
2150,255,-310,"male"
2151,-365,305,"male"
2152,260,-320,"male"
2153,-115,-105,"male"
2154,-560,430,"male"
2155,-155,135,"male"
2156,-750,525,"male"
2157,-105,-115,"male"
2158,-1500,1000,"female"
2159,350,-440,"male"
2160,130,-150,"male"
2161,-170,150,"female"
2162,-145,125,"male"
2163,195,-235,"male"
2164,105,-125,"male"
2165,-255,215,"male"
2166,170,-200,"male"
2167,150,-170,"male"
2168,-460,365,"male"
2169,-200,170,"male"
2170,-265,225,"female"
2171,135,-145,"male"
2172,220,-260,"male"
2173,-150,130,"male"
2174,140,-160,"male"
2175,210,-250,"male"
2176,-570,435,"male"
2177,120,-140,"male"
2178,-140,120,"male"
2179,-380,315,"male"
2180,-245,205,"male"
2181,-260,220,"female"
2182,-440,350,"male"
2183,-320,260,"male"
2184,-135,115,"male"
2185,-480,383,"male"
2186,105,-125,"male"
2187,105,-125,"male"
2188,-125,105,"male"
2189,775,-1200,"male"
2190,-1700,1100,"female"
2191,-230,190,"male"
2192,-210,175,"male"
2193,360,-450,"male"
2194,-175,155,"male"
2195,160,-185,"male"
2196,-450,360,"female"
2197,-240,200,"male"
2198,165,-190,"male"
2199,-340,280,"male"
2200,-250,210,"male"
2201,120,-140,"male"
2202,-600,450,"male"
2203,-200,170,"male"
2204,-200,170,"female"
2205,-155,135,"male"
2206,-310,255,"male"
2207,-220,180,"male"
2208,-140,120,"male"
2209,-135,115,"male"
2210,-140,120,"male"
2211,-200,170,"male"
2212,-155,135,"male"
2213,130,-150,"female"
2214,-380,340,"male"
2215,-135,115,"male"
2216,-245,205,"male"
2217,-1000,650,"male"
2218,-230,190,"female"
2219,-400,325,"male"
2220,-225,185,"male"
2221,-145,125,"male"
2222,-235,195,"male"
2223,120,-140,"male"
2224,-160,140,"male"
2225,130,-140,"male"
2226,-130,120,"male"
2227,165,-190,"male"
2228,230,-270,"male"
2229,-255,215,"female"
2230,170,-200,"male"
2231,-315,285,"male"
2232,-500,400,"male"
2233,-265,225,"male"
2234,-500,400,"female"
2235,115,-135,"male"
2236,375,-470,"male"
2237,120,-140,"male"
2238,230,-270,"male"
2239,205,-245,"male"
2240,-240,200,"male"
2241,160,-185,"male"
2242,-200,170,"male"
2243,650,-1000,"female"
2244,155,-175,"male"
2245,100,-120,"male"
2246,-470,375,"male"
2247,-105,-115,"male"
2248,-250,210,"male"
2249,120,-130,"male"
2250,165,-190,"male"
2251,145,-165,"male"
2252,-245,205,"male"
2253,150,-170,"male"
2254,500,-700,"male"
2255,-150,130,"male"
2256,375,-470,"male"
2257,-135,115,"male"
2258,-1000,650,"male"
2259,115,-135,"male"
2260,-250,210,"male"
2261,-165,145,"male"
2262,150,-170,"male"
2263,-170,150,"male"
2264,-175,155,"male"
2265,-145,125,"male"
2266,-425,340,"male"
2267,-190,165,"male"
2268,100,-120,"male"
2269,-115,-105,"male"
2270,-900,600,"female"
2271,-150,130,"male"
2272,-370,310,"male"
2273,-150,130,"male"
2274,-260,240,"male"
2275,-160,140,"male"
2276,-165,145,"male"
2277,-190,165,"male"
2278,-235,195,"male"
2279,100,-120,"male"
2280,240,-280,"male"
2281,-460,365,"male"
2282,-170,150,"male"
2283,-500,400,"male"
2284,155,-175,"male"
2285,-235,195,"female"
2286,-1275,825,"male"
2287,120,-140,"male"
2288,-160,150,"male"
2289,415,-525,"male"
2290,-110,-110,"male"
2291,215,-255,"male"
2292,-185,160,"male"
2293,145,-165,"male"
2294,-250,230,"male"
2295,-145,125,"male"
2296,-200,170,"male"
2297,-135,125,"male"
2298,-115,-105,"male"
2299,115,-135,"male"
2300,-170,150,"male"
2301,-210,175,"male"
2302,-175,155,"male"
2303,150,-170,"male"
2304,-350,290,"male"
2305,225,-265,"male"
2306,160,-185,"male"
2307,235,-275,"male"
2308,215,-255,"male"
2309,-130,110,"male"
2310,-150,130,"male"
2311,-105,-115,"male"
2312,230,-270,"male"
2313,345,-430,"male"
2314,-170,150,"female"
2315,135,-155,"male"
2316,-120,100,"male"
2317,-420,335,"male"
2318,-700,500,"male"
2319,-500,400,"male"
2320,-750,525,"male"
2321,-800,550,"male"
2322,-210,175,"male"
2323,-420,335,"male"
2324,265,-325,"male"
2325,-500,400,"male"
2326,-500,400,"male"
2327,-550,425,"male"
2328,-800,550,"male"
2329,115,-135,"male"
2330,105,-125,"male"
2331,135,-155,"male"
2332,320,-390,"male"
2333,190,-230,"male"
2334,-115,-105,"male"
2335,130,-140,"male"
2336,-140,120,"male"
2337,130,-150,"male"
2338,-270,230,"male"
2339,-235,195,"male"
2340,-135,115,"male"
2341,-130,120,"male"
2342,-190,165,"male"
2343,-290,245,"male"
2344,-110,-110,"male"
2345,300,-360,"male"
2346,-220,180,"female"
2347,-130,110,"male"
2348,210,-250,"female"
2349,-140,120,"male"
2350,-230,190,"male"
2351,-980,640,"male"
2352,-170,150,"male"
2353,-145,125,"male"
2354,-110,-110,"male"
2355,335,-420,"male"
2356,-260,220,"male"
2357,178,-215,"female"
2358,-420,335,"male"
2359,-340,280,"male"
2360,-210,175,"male"
2361,105,-125,"female"
2362,-275,235,"female"
2363,125,-145,"male"
2364,-1600,1050,"male"
2365,-155,135,"male"
2366,100,-120,"female"
2367,145,-165,"male"
2368,-105,-115,"male"
2369,-400,325,"male"
2370,285,-345,"male"
2371,135,-155,"male"
2372,-140,120,"male"
2373,-370,310,"male"
2374,-220,180,"male"
2375,100,-120,"male"
2376,190,-230,"male"
2377,-550,425,"female"
2378,150,-170,"male"
2379,-135,115,"male"
2380,-550,425,"male"
2381,-135,115,"male"
2382,-135,115,"male"
2383,185,-225,"female"
2384,135,-155,"male"
2385,-150,130,"male"
2386,-460,365,"male"
2387,-110,-110,"male"
2388,-420,335,"male"
2389,-400,325,"female"
2390,-245,205,"male"
2391,-150,130,"male"
2392,100,-120,"female"
2393,120,-140,"male"
2394,-260,220,"male"
2395,160,-185,"male"
2396,-105,-115,"male"
2397,-460,365,"male"
2398,140,-160,"male"
2399,-750,525,"female"
2400,-800,550,"male"
2401,265,-325,"male"
2402,-200,170,"male"
2403,-255,215,"male"
2404,-145,125,"male"
2405,-170,150,"male"
2406,175,-210,"male"
2407,135,-155,"male"
2408,-450,400,"male"
2409,-160,140,"female"
2410,-380,340,"male"
2411,150,-160,"male"
2412,600,-750,"male"
2413,-370,330,"male"
2414,-335,305,"male"
2415,-120,110,"male"
2416,-310,280,"male"
2417,-660,540,"male"
2418,575,-710,"male"
2419,-125,115,"female"
2420,-660,540,"female"
2421,425,-550,"female"
2422,-140,130,"male"
2423,-250,230,"male"
2424,-240,220,"male"
2425,-260,240,"male"
2426,135,-145,"male"
2427,150,-160,"male"
2428,-705,570,"male"
2429,-200,185,"male"
2430,105,-115,"male"
2431,-155,145,"male"
2432,-135,125,"male"
2433,-340,280,"male"
2434,-380,340,"male"
2435,-925,725,"male"
2436,185,-200,"male"
2437,-270,248,"female"
2438,-410,365,"male"
2439,-225,205,"male"
2440,225,-245,"male"
2441,-260,240,"male"
2442,155,-165,"male"
2443,-450,400,"male"
2444,-815,645,"male"
2445,105,-115,"male"
2446,145,-155,"male"
2447,-975,775,"male"
2448,155,-165,"male"
2449,-230,210,"male"
2450,110,-120,"male"
2451,-240,220,"male"
2452,-355,320,"male"
2453,-185,170,"male"
2454,170,-185,"male"
2455,-300,270,"male"
2456,-140,130,"male"
2457,165,-175,"female"
2458,540,-660,"male"
2459,-220,200,"male"
2460,-135,125,"male"
2461,145,-155,"male"
2462,-175,165,"male"
2463,-290,260,"male"
2464,380,-430,"male"
2465,-190,175,"male"
2466,-130,120,"male"
2467,140,-150,"male"
2468,165,-175,"male"
2469,-175,155,"male"
2470,-130,110,"male"
2471,-1050,850,"male"
2472,-925,725,"male"
2473,380,-430,"male"
2474,178,-215,"male"
2475,-975,775,"male"
2476,125,-135,"male"
2477,-1000,800,"male"
2478,140,-150,"male"
2479,160,-170,"male"
2480,167,-178,"male"
2481,505,-605,"male"
2482,-345,315,"male"
2483,-165,155,"male"
2484,-125,115,"male"
2485,215,-235,"male"
2486,210,-230,"male"
2487,-192,177,"male"
2488,-125,115,"male"
2489,-130,120,"male"
2490,-525,450,"male"
2491,-840,660,"male"
2492,-255,235,"male"
2493,100,-110,"male"
2494,-185,170,"male"
2495,-705,570,"male"
2496,-200,185,"male"
2497,-220,200,"female"
2498,-860,675,"male"
2499,-1000,800,"male"
2500,135,-145,"male"
2501,115,-125,"male"
2502,-400,325,"male"
2503,-155,145,"male"
2504,-450,400,"male"
2505,120,-130,"male"
2506,210,-230,"male"
2507,420,-475,"male"
2508,160,-170,"male"
2509,165,-175,"male"
2510,-400,355,"male"
2511,-275,250,"male"
2512,-200,185,"male"
2513,120,-130,"male"
2514,-280,240,"female"
2515,-570,480,"male"
2516,230,-250,"male"
2517,-450,400,"male"
2518,-210,190,"male"
2519,-230,210,"male"
2520,-225,185,"male"
2521,-270,248,"male"
2522,-110,-110,"female"
2523,-185,170,"male"
2524,200,-220,"male"
2525,230,-250,"male"
2526,130,-140,"female"
2527,-345,285,"female"
2528,-190,175,"female"
2529,-650,535,"female"
2530,-740,595,"female"
2531,-220,200,"female"
2532,165,-175,"female"
2533,-220,200,"male"
2534,-315,285,"male"
2535,-450,400,"male"
2536,-315,285,"male"
2537,-325,295,"male"
2538,-925,725,"male"
2539,-140,130,"male"
2540,-500,435,"male"
2541,175,-190,"female"
2542,-240,220,"male"
2543,115,-125,"male"
2544,-170,160,"male"
2545,140,-150,"male"
2546,-175,165,"male"
2547,-420,375,"male"
2548,-430,380,"male"
2549,-175,165,"male"
2550,-230,210,"male"
2551,-420,375,"male"
2552,-280,255,"male"
2553,-265,245,"male"
2554,100,-110,"female"
2555,375,-420,"male"
2556,-430,380,"male"
2557,145,-155,"male"
2558,155,-165,"male"
2559,-255,235,"male"
2560,-160,150,"male"
2561,-230,210,"male"
2562,215,-235,"male"
2563,-295,265,"female"
2564,-600,450,"male"
2565,-135,125,"male"
2566,205,-225,"male"
2567,-160,150,"male"
2568,-380,340,"male"
2569,195,-215,"male"
2570,-440,390,"male"
2571,110,-130,"female"
2572,-150,140,"male"
2573,-280,255,"male"
2574,115,-125,"male"
2575,-365,328,"male"
2576,435,-500,"male"
2577,-525,450,"male"
2578,-130,120,"male"
2579,170,-185,"male"
2580,-178,167,"male"
2581,-475,420,"male"
2582,200,-220,"male"
2583,-150,140,"male"
2584,310,-340,"male"
2585,-105,-105,"male"
2586,-290,260,"male"
2587,540,-660,"male"
2588,-200,185,"male"
2589,-210,190,"male"
2590,-130,120,"male"
2591,-220,200,"male"
2592,-245,225,"male"
2593,185,-200,"male"
2594,-700,568,"male"
2595,195,-215,"male"
2596,150,-160,"male"
2597,-405,360,"male"
2598,-105,-105,"male"
2599,-430,380,"male"
2600,-450,400,"male"
2601,-320,290,"male"
2602,-340,280,"male"
2603,-430,380,"male"
2604,-750,600,"male"
2605,-110,100,"male"
2606,-525,450,"male"
2607,-160,150,"male"
2608,-500,435,"male"
2609,-440,390,"male"
2610,-525,450,"male"
2611,-360,325,"male"
2612,480,-570,"male"
2613,-265,245,"male"
2614,-1000,650,"male"
2615,-120,110,"male"
2616,-205,188,"male"
2617,-290,260,"male"
2618,-140,130,"male"
2619,130,-140,"male"
2620,-150,140,"male"
2621,-260,240,"male"
2622,-1450,1150,"male"
2623,-135,125,"male"
2624,240,-260,"male"
2625,-133,123,"male"
2626,-215,195,"female"
2627,-560,475,"male"
2628,-320,290,"male"
2629,340,-380,"male"
2630,-240,220,"male"
2631,220,-240,"male"
2632,145,-155,"male"
2633,-120,110,"male"
2634,-605,505,"male"
2635,-155,145,"male"
2636,-310,280,"female"
2637,-235,215,"male"
2638,-660,540,"male"
2639,-295,265,"male"
2640,-145,135,"male"
2641,-660,540,"male"
2642,-150,140,"male"
2643,-130,120,"male"
2644,-135,125,"male"
2645,-430,380,"male"
2646,-235,215,"male"
2647,-210,190,"male"
2648,-105,-105,"male"
2649,-315,285,"male"
2650,-110,100,"female"
2651,-130,120,"male"
2652,-130,120,"male"
2653,-185,170,"male"
2654,215,-235,"male"
2655,115,-125,"male"
2656,-185,170,"male"
2657,-330,300,"male"
2658,116,-126,"male"
2659,190,-210,"male"
2660,230,-250,"male"
2661,-600,500,"male"
2662,-185,170,"male"
2663,-500,435,"male"
2664,170,-185,"male"
2665,-1100,900,"male"
2666,-265,245,"male"
2667,-145,135,"female"
2668,170,-185,"male"
2669,-115,105,"male"
2670,145,-165,"male"
2671,205,-225,"male"
2672,-155,135,"male"
2673,-510,440,"male"
2674,245,-265,"male"
2675,-210,190,"male"
2676,-950,625,"male"
2677,-125,115,"male"
2678,145,-155,"male"
2679,135,-145,"male"
2680,130,-140,"male"
2681,145,-155,"male"
2682,-385,345,"male"
2683,-335,305,"male"
2684,-235,215,"male"
2685,-210,190,"male"
2686,140,-150,"male"
2687,205,-225,"male"
2688,175,-190,"male"
2689,-225,205,"male"
2690,130,-140,"male"
2691,380,-430,"male"
2692,200,-220,"male"
2693,130,-150,"female"
2694,-185,170,"male"
2695,150,-160,"male"
2696,285,-315,"male"
2697,-155,145,"male"
2698,-200,185,"male"
2699,-135,125,"male"
2700,290,-320,"male"
2701,-570,480,"female"
2702,-125,115,"male"
2703,110,-120,"male"
2704,-325,295,"male"
2705,-660,540,"male"
2706,155,-175,"male"
2707,-380,340,"male"
2708,215,-235,"male"
2709,205,-225,"male"
2710,167,-179,"male"
2711,175,-190,"male"
2712,275,-305,"male"
2713,135,-145,"male"
2714,285,-315,"female"
2715,-210,190,"male"
2716,-690,560,"male"
2717,-840,660,"male"
2718,149,-159,"male"
2719,-460,410,"male"
2720,-295,265,"male"
2721,-155,145,"male"
2722,-130,120,"male"
2723,-155,145,"male"
2724,115,-125,"male"
2725,225,-245,"male"
2726,-240,220,"male"
2727,-320,260,"male"
2728,-300,270,"male"
2729,-135,125,"male"
2730,-345,315,"male"
2731,155,-175,"male"
2732,-165,155,"male"
2733,120,-130,"female"
2734,230,-250,"male"
2735,170,-185,"male"
2736,-560,475,"female"
2737,-370,330,"male"
2738,-265,245,"male"
2739,-150,140,"male"
2740,-185,170,"male"
2741,-290,260,"male"
2742,200,-220,"male"
2743,115,-125,"male"
2744,-420,375,"male"
2745,210,-230,"male"
2746,210,-230,"male"
2747,-750,600,"male"
2748,-185,170,"male"
2749,-900,700,"female"
2750,-310,255,"male"
2751,-115,105,"male"
2752,-705,570,"male"
2753,115,-125,"male"
2754,-240,220,"male"
2755,-185,170,"male"
2756,160,-170,"male"
2757,168,-180,"male"
2758,-225,205,"male"
2759,-275,250,"male"
2760,-270,248,"male"
2761,-270,248,"male"
2762,140,-150,"male"
2763,-177,166,"male"
2764,170,-185,"male"
2765,-185,170,"male"
2766,170,-200,"male"
2767,-460,410,"male"
2768,-140,130,"male"
2769,-200,170,"male"
2770,155,-165,"male"
2771,185,-200,"male"
2772,-250,230,"male"
2773,-165,155,"male"
2774,-125,115,"male"
2775,-105,-105,"male"
2776,-290,260,"male"
2777,-120,110,"male"
2778,-265,245,"male"
2779,-690,560,"male"
2780,-115,105,"male"
2781,-165,155,"male"
2782,140,-150,"male"
2783,-165,155,"male"
2784,-450,400,"male"
2785,125,-135,"female"
2786,200,-220,"male"
2787,-185,170,"male"
2788,140,-150,"male"
2789,-105,-105,"male"
2790,-225,205,"male"
2791,120,-130,"male"
2792,-570,480,"male"
2793,-280,255,"male"
2794,145,-155,"male"
2795,-120,110,"male"
2796,540,-660,"male"
2797,-105,-105,"male"
2798,-245,225,"male"
2799,-150,140,"male"
2800,-310,280,"male"
2801,-650,535,"male"
2802,185,-200,"male"
2803,185,-200,"male"
2804,-455,405,"male"
2805,-320,290,"male"
2806,290,-320,"male"
2807,-500,435,"male"
2808,-175,165,"male"
2809,-325,295,"male"
2810,-320,290,"male"
2811,-150,140,"male"
2812,-295,265,"male"
2813,235,-255,"male"
2814,-165,155,"male"
2815,-155,145,"male"
2816,-245,225,"male"
2817,-140,130,"male"
2818,-105,-105,"male"
2819,305,-335,"male"
2820,140,-150,"male"
2821,205,-225,"male"
2822,160,-170,"male"
2823,-910,710,"male"
2824,-750,525,"male"
2825,-170,160,"male"
2826,-145,135,"male"
2827,-215,195,"male"
2828,-150,140,"male"
2829,-315,285,"male"
2830,-355,320,"male"
2831,-430,380,"male"
2832,-260,240,"male"
2833,-140,130,"male"
2834,-125,115,"male"
2835,210,-230,"male"
2836,160,-170,"male"
2837,-295,265,"male"
2838,275,-305,"male"
2839,-310,280,"male"
2840,135,-145,"male"
2841,135,-155,"male"
2842,-210,190,"male"
2843,-560,475,"male"
2844,-935,735,"male"
2845,460,-540,"male"
2846,-290,260,"male"
2847,245,-265,"male"
2848,-440,390,"male"
2849,-240,220,"male"
2850,-1000,800,"male"
2851,-185,170,"male"
2852,125,-135,"male"
2853,-450,400,"male"
2854,-155,145,"male"
2855,-135,125,"female"
2856,-355,320,"male"
2857,-110,100,"male"
2858,200,-220,"male"
2859,-185,170,"female"
2860,160,-170,"male"
2861,-145,135,"male"
2862,275,-305,"male"
2863,-480,423,"male"
2864,-265,245,"male"
2865,-115,105,"male"
2866,-295,265,"male"
2867,-420,375,"male"
2868,-155,145,"male"
2869,-140,130,"male"
2870,-290,260,"male"
2871,-200,185,"male"
2872,185,-200,"male"
2873,175,-190,"male"
2874,145,-155,"male"
2875,-1050,850,"male"
2876,-105,-105,"male"
2877,-265,245,"female"
2878,-660,540,"male"
2879,-155,145,"male"
2880,-660,540,"male"
2881,-235,215,"male"
2882,-230,210,"male"
2883,-315,285,"male"
2884,150,-160,"male"
2885,-140,130,"male"
2886,365,-410,"male"
2887,235,-255,"male"
2888,-280,255,"male"
2889,-545,465,"male"
2890,210,-230,"male"
2891,-170,160,"male"
2892,-165,155,"male"
2893,-380,340,"male"
2894,275,-305,"male"
2895,260,-290,"male"
2896,285,-315,"male"
2897,-185,170,"male"
2898,-840,660,"male"
2899,170,-185,"male"
2900,-135,125,"male"
2901,-135,125,"male"
2902,285,-315,"male"
2903,-365,328,"male"
2904,-200,185,"male"
2905,160,-170,"male"
2906,160,-170,"male"
2907,-500,435,"male"
2908,-170,160,"male"
2909,230,-250,"female"
2910,-260,240,"male"
2911,290,-320,"male"
2912,-155,145,"male"
2913,550,-675,"male"
2914,145,-155,"male"
2915,-210,190,"male"
2916,-525,450,"male"
2917,-150,140,"male"
2918,-1000,800,"male"
2919,-280,255,"male"
2920,125,-135,"male"
2921,-430,345,"male"
2922,-225,205,"male"
2923,-265,225,"male"
2924,155,-165,"male"
2925,-290,260,"male"
2926,-295,265,"male"
2927,-115,105,"male"
2928,-475,420,"male"
2929,185,-200,"male"
2930,-160,150,"male"
2931,125,-135,"male"
2932,-440,390,"male"
2933,-360,325,"female"
2934,-750,600,"male"
2935,-290,260,"male"
2936,-165,155,"male"
2937,120,-130,"male"
2938,-150,140,"female"
2939,-270,248,"male"
2940,280,-340,"male"
2941,-230,210,"male"
2942,423,-480,"male"
2943,275,-305,"male"
2944,-210,190,"male"
2945,-500,435,"male"
2946,-1100,900,"male"
2947,-135,125,"male"
2948,-735,590,"male"
2949,230,-250,"male"
2950,150,-160,"male"
2951,-155,145,"male"
2952,-215,195,"male"
2953,100,-110,"male"
2954,195,-215,"male"
2955,-105,-105,"male"
2956,-335,305,"male"
2957,-750,600,"male"
2958,375,-420,"male"
2959,135,-145,"male"
2960,-115,105,"male"
2961,-125,115,"male"
2962,-170,160,"male"
2963,115,-125,"male"
2964,-150,140,"male"
2965,-200,185,"male"
2966,130,-140,"male"
2967,135,-145,"male"
2968,-310,280,"male"
2969,-290,260,"male"
2970,-170,160,"male"
2971,105,-115,"male"
2972,177,-192,"male"
2973,-500,400,"male"
2974,-185,170,"male"
2975,290,-320,"male"
2976,-240,220,"male"
2977,255,-280,"male"
2978,-400,355,"male"
2979,-405,360,"male"
2980,-260,240,"male"
2981,-330,270,"male"
2982,-210,190,"male"
2983,-210,190,"male"
2984,-120,110,"male"
2985,-155,145,"male"
2986,165,-175,"male"
2987,-130,120,"male"
2988,-270,248,"male"
2989,-150,140,"male"
2990,-200,185,"male"
2991,-240,200,"male"
2992,-102,-108,"male"
2993,140,-160,"male"
2994,-325,295,"male"
2995,-265,245,"male"
2996,-165,155,"male"
2997,175,-190,"male"
2998,-350,318,"male"
2999,-360,325,"male"
3000,-120,110,"male"
3001,165,-175,"male"
3002,-680,555,"female"
3003,-135,125,"male"
3004,-420,375,"male"
3005,-240,220,"male"
3006,295,-325,"male"
3007,-145,135,"male"
3008,-310,280,"male"
3009,135,-145,"male"
3010,120,-130,"male"
3011,-165,155,"male"
3012,-135,125,"male"
3013,-150,130,"male"
3014,-900,600,"male"
3015,-175,165,"male"
3016,110,-120,"male"
3017,255,-280,"male"
3018,140,-150,"male"
3019,-220,200,"male"
3020,-265,245,"male"
3021,130,-140,"male"
3022,210,-230,"male"
3023,140,-150,"male"
3024,125,-135,"male"
3025,-525,450,"male"
3026,-170,160,"male"
3027,-140,130,"male"
3028,-170,160,"female"
3029,-325,295,"male"
3030,-190,165,"male"
3031,310,-340,"male"
3032,-235,215,"male"
3033,540,-660,"male"
3034,-120,110,"male"
3035,-290,260,"female"
3036,-200,185,"male"
3037,-245,225,"female"
3038,400,-450,"female"
3039,177,-192,"male"
3040,-105,-105,"male"
3041,-245,225,"male"
3042,-230,210,"male"
3043,-115,105,"male"
3044,-192,177,"male"
3045,-240,220,"male"
3046,-410,365,"male"
3047,100,-110,"male"
3048,-160,150,"male"
3049,-125,115,"male"
3050,165,-175,"male"
3051,190,-210,"male"
3052,-425,378,"male"
3053,-320,290,"male"
3054,355,-400,"male"
3055,310,-340,"male"
3056,-220,200,"male"
3057,-165,155,"male"
3058,-320,290,"male"
3059,325,-360,"male"
3060,105,-115,"male"
3061,-185,170,"male"
3062,-120,110,"male"
3063,140,-150,"male"
3064,-245,225,"male"
3065,130,-140,"male"
3066,-115,105,"male"
3067,-380,340,"male"
3068,-190,165,"female"
3069,145,-155,"male"
3070,125,-135,"male"
3071,110,-120,"male"
3072,105,-115,"male"
3073,125,-135,"male"
3074,-190,175,"male"
3075,115,-125,"female"
3076,375,-420,"male"
3077,235,-255,"male"
3078,-145,135,"male"
3079,-170,160,"male"
3080,-380,340,"male"
3081,130,-140,"male"
3082,-150,140,"male"
3083,-175,165,"male"
3084,-175,165,"male"
3085,375,-420,"male"
3086,-160,150,"male"
3087,185,-200,"male"
3088,110,-120,"female"
3089,185,-200,"male"
3090,-440,390,"male"
3091,295,-325,"male"
3092,-200,185,"male"
3093,-500,435,"male"
3094,-545,465,"male"
3095,135,-155,"male"
3096,-400,355,"male"
3097,-145,135,"male"
3098,170,-185,"male"
3099,-190,175,"female"
3100,135,-145,"male"
3101,175,-190,"male"
3102,-420,375,"male"
3103,185,-200,"male"
3104,135,-145,"male"
3105,-355,295,"male"
3106,-170,160,"male"
3107,-380,340,"male"
3108,-155,145,"male"
3109,210,-230,"male"
3110,210,-230,"male"
3111,-345,315,"male"
3112,-310,280,"male"
3113,-345,315,"male"
3114,-255,215,"male"
3115,-840,660,"male"
3116,-750,600,"male"
3117,145,-155,"male"
3118,-145,135,"male"
3119,245,-265,"male"
3120,375,-420,"male"
3121,-125,115,"male"
3122,380,-430,"male"
3123,150,-160,"male"
3124,-150,140,"male"
3125,105,-115,"male"
3126,130,-140,"male"
3127,230,-250,"male"
3128,-330,300,"male"
3129,210,-230,"male"
3130,-720,580,"male"
3131,-310,280,"male"
3132,-250,230,"male"
3133,315,-345,"male"
3134,-275,250,"male"
3135,-110,100,"male"
3136,100,-110,"male"
3137,255,-280,"male"
3138,-220,200,"male"
3139,100,-110,"male"
3140,167,-178,"male"
3141,-500,435,"male"
3142,-155,145,"male"
3143,-200,185,"male"
3144,-105,-105,"male"
3145,210,-230,"male"
3146,-255,235,"male"
3147,210,-230,"male"
3148,120,-130,"male"
3149,185,-200,"male"
3150,120,-130,"male"
3151,-280,255,"male"
3152,105,-115,"male"
3153,-310,280,"male"
3154,170,-185,"male"
3155,160,-170,"male"
3156,-525,450,"male"
3157,-315,285,"male"
3158,248,-270,"male"
3159,145,-165,"male"
3160,-130,120,"male"
3161,-125,115,"male"
3162,115,-125,"male"
3163,-160,150,"male"
3164,-150,140,"male"
3165,-215,195,"male"
3166,-125,115,"male"
3167,-475,420,"male"
3168,-245,225,"male"
3169,290,-320,"male"
3170,-245,225,"male"
3171,-210,190,"male"
3172,-178,167,"male"
3173,-140,130,"male"
3174,350,-440,"male"
3175,-190,175,"male"
3176,-875,685,"male"
3177,-325,295,"male"
3178,-460,410,"male"
3179,-160,150,"male"
3180,-400,355,"male"
3181,-500,435,"male"
3182,-195,180,"female"
3183,-161,151,"male"
3184,-455,405,"male"
3185,-1000,800,"male"
3186,-120,110,"male"
3187,-192,177,"male"
3188,-420,375,"male"
3189,-230,210,"male"
3190,-345,315,"male"
3191,-500,435,"female"
3192,255,-280,"male"
3193,-265,245,"male"
3194,145,-155,"male"
3195,165,-190,"male"
3196,-175,165,"male"
3197,170,-185,"female"
3198,220,-240,"male"
3199,-220,200,"male"
3200,-230,210,"male"
3201,-640,470,"male"
3202,-155,145,"male"
3203,100,-110,"male"
3204,-178,167,"male"
3205,140,-150,"male"
3206,-131,121,"male"
3207,-155,135,"male"
3208,-600,500,"male"
3209,-280,250,"male"
3210,-660,540,"male"
3211,-190,175,"male"
3212,-275,250,"male"
3213,-310,280,"male"
3214,-500,435,"female"
3215,105,-115,"male"
3216,190,-210,"male"
3217,-290,260,"male"
3218,130,-140,"male"
3219,-136,126,"male"
3220,230,-250,"male"
3221,-340,310,"male"
3222,245,-265,"male"
3223,140,-150,"male"
3224,190,-210,"male"
3225,-410,365,"male"
3226,-440,390,"male"
3227,-330,300,"male"
3228,-430,380,"male"
3229,200,-220,"male"
3230,-170,160,"male"
3231,-155,145,"male"
3232,115,-125,"male"
3233,-240,220,"male"
3234,-705,570,"male"
3235,-475,420,"male"
3236,-420,375,"male"
3237,-135,125,"male"
3238,-270,248,"male"
3239,150,-160,"male"
3240,-295,265,"male"
3241,-140,130,"male"
3242,-305,275,"male"
3243,-170,160,"male"
3244,-295,265,"male"
3245,-170,160,"male"
3246,-105,-105,"male"
3247,-600,500,"male"
3248,-210,190,"male"
3249,-300,270,"male"
3250,-109,-101,"male"
3251,-320,290,"male"
3252,-255,235,"male"
3253,-190,175,"male"
3254,-525,450,"male"
3255,-265,245,"male"
3256,105,-115,"male"
3257,-165,155,"male"
3258,-315,285,"male"
3259,-875,685,"male"
3260,-175,165,"male"
3261,-235,215,"male"
3262,-280,255,"male"
3263,-250,230,"male"
3264,-185,170,"male"
3265,135,-145,"male"
3266,-570,480,"female"
3267,100,-110,"male"
3268,-205,188,"male"
3269,-115,105,"male"
3270,-310,280,"male"
3271,335,-375,"male"
3272,-145,135,"male"
3273,290,-320,"male"
3274,-615,510,"male"
3275,-110,100,"male"
3276,190,-210,"male"
3277,-570,480,"male"
3278,100,-120,"male"
3279,-320,290,"male"
3280,-175,165,"male"
3281,165,-175,"male"
3282,-440,390,"male"
3283,-285,258,"male"
3284,105,-115,"female"
3285,-245,225,"male"
3286,-210,190,"male"
3287,-455,405,"male"
3288,-115,105,"male"
3289,-130,120,"male"
3290,130,-140,"male"
3291,140,-150,"male"
3292,180,-195,"male"
3293,100,-110,"male"
3294,-710,575,"male"
3295,310,-340,"male"
3296,-250,230,"male"
3297,-145,135,"male"
3298,-220,200,"male"
3299,420,-475,"male"
3300,260,-290,"male"
3301,-240,220,"male"
3302,175,-190,"male"
3303,140,-150,"male"
3304,240,-260,"male"
3305,125,-135,"male"
3306,-120,110,"male"
3307,-545,465,"male"
3308,-115,105,"male"
3309,-135,125,"male"
3310,-145,135,"male"
3311,-450,400,"male"
3312,-190,175,"male"
3313,210,-230,"male"
3314,250,-300,"male"
3315,-130,120,"male"
3316,-370,330,"male"
3317,-660,540,"male"
3318,110,-120,"male"
3319,270,-300,"male"
3320,-205,188,"male"
3321,211,-231,"male"
3322,185,-200,"male"
3323,-150,140,"male"
3324,-170,160,"male"
3325,110,-120,"male"
3326,-215,195,"male"
3327,105,-115,"male"
3328,110,-120,"male"
3329,248,-270,"male"
3330,-900,700,"female"
3331,-192,177,"male"
3332,-350,318,"male"
3333,-370,330,"male"
3334,-310,280,"male"
3335,-105,-105,"male"
3336,-190,175,"male"
3337,-410,365,"male"
3338,150,-160,"male"
3339,135,-145,"male"
3340,135,-145,"male"
3341,145,-155,"male"
3342,-295,265,"male"
3343,100,-110,"male"
3344,-200,185,"male"
3345,-330,300,"male"
3346,-230,190,"male"
3347,-105,-105,"male"
3348,-355,320,"male"
3349,-107,-103,"male"
3350,145,-155,"male"
3351,-110,100,"male"
3352,-127,117,"male"
3353,185,-200,"male"
3354,-175,165,"male"
3355,-525,450,"male"
3356,-440,390,"male"
3357,-171,161,"male"
3358,-210,190,"male"
3359,125,-135,"male"
3360,-160,150,"male"
3361,-430,380,"male"
3362,-215,195,"male"
3363,-135,125,"male"
3364,275,-305,"male"
3365,-245,205,"male"
3366,215,-235,"male"
3367,-150,140,"male"
3368,-225,205,"male"
3369,-185,170,"male"
3370,-210,190,"male"
3371,250,-275,"male"
3372,-525,450,"male"
3373,-130,120,"male"
3374,-235,215,"male"
3375,-230,210,"male"
3376,-121,111,"male"
3377,-140,130,"male"
3378,-115,105,"male"
3379,175,-190,"male"
3380,155,-165,"male"
3381,-315,285,"male"
3382,-135,125,"male"
3383,-320,290,"male"
3384,-570,480,"male"
3385,-215,195,"male"
3386,-440,390,"male"
3387,-190,175,"male"
3388,-185,170,"male"
3389,-145,135,"male"
3390,105,-115,"male"
3391,-144,134,"male"
3392,145,-155,"male"
3393,-475,420,"male"
3394,-140,130,"male"
3395,-255,235,"male"
3396,315,-345,"male"
3397,380,-430,"male"
3398,130,-140,"male"
3399,-185,170,"male"
3400,270,-300,"male"
3401,220,-240,"male"
3402,-270,248,"male"
3403,-130,120,"male"
3404,-265,245,"male"
3405,260,-290,"male"
3406,-105,-105,"male"
3407,-125,115,"male"
3408,100,-110,"male"
3409,175,-190,"male"
3410,190,-210,"male"
3411,-235,215,"male"
3412,116,-126,"male"
3413,-225,205,"male"
3414,-1650,1300,"male"
3415,-245,225,"male"
3416,-400,355,"male"
3417,-235,215,"male"
3418,210,-230,"male"
3419,-140,130,"male"
3420,-225,185,"male"
3421,240,-280,"male"
3422,275,-335,"male"
3423,-140,120,"male"
3424,200,-240,"male"
3425,250,-300,"male"
3426,-230,190,"male"
3427,-170,150,"male"
3428,-140,120,"male"
3429,-290,245,"male"
3430,-280,240,"male"
3431,-300,270,"male"
3432,-167,157,"male"
3433,-245,225,"male"
3434,190,-210,"male"
3435,-280,255,"male"
3436,-210,190,"male"
3437,-125,115,"male"
3438,-200,185,"male"
3439,-205,188,"male"
3440,-220,200,"male"
3441,-215,195,"male"
3442,100,-110,"male"
3443,-450,400,"male"
3444,-345,315,"male"
3445,-320,290,"male"
3446,170,-185,"male"
3447,285,-315,"male"
3448,-440,390,"male"
3449,-220,200,"male"
3450,195,-215,"male"
3451,-260,240,"male"
3452,-1000,800,"male"
3453,-210,190,"male"
3454,-475,420,"male"
3455,177,-192,"male"
3456,-355,320,"male"
3457,-115,105,"male"
3458,-210,190,"male"
3459,-130,120,"male"
3460,-250,230,"male"
3461,-210,190,"male"
3462,-145,135,"male"
3463,135,-145,"male"
3464,-185,170,"male"
3465,-310,280,"male"
3466,-255,235,"male"
3467,-280,255,"male"
3468,-185,170,"male"
3469,135,-145,"male"
3470,-155,145,"male"
3471,-170,160,"male"
3472,177,-192,"male"
3473,-300,270,"male"
3474,155,-165,"male"
3475,-230,210,"male"
3476,-156,146,"male"
3477,-110,110,"male"
3478,-255,235,"male"
3479,-230,210,"male"
3480,225,-245,"male"
3481,-155,145,"male"
3482,150,-160,"male"
3483,310,-340,"male"
3484,-115,105,"male"
3485,-840,660,"male"
3486,-245,225,"male"
3487,-200,185,"male"
3488,-340,310,"male"
3489,215,-235,"male"
3490,-155,145,"male"
3491,115,-125,"male"
3492,200,-220,"male"
3493,-400,355,"male"
3494,-115,105,"male"
3495,164,-174,"male"
3496,195,-215,"male"
3497,-185,170,"male"
3498,-335,305,"male"
3499,-178,167,"male"
3500,-660,540,"male"
3501,150,-160,"male"
3502,-315,285,"male"
3503,145,-155,"male"
3504,155,-165,"male"
3505,-155,145,"male"
3506,-500,435,"male"
3507,-400,355,"male"
3508,-275,250,"male"
3509,-115,105,"male"
3510,-220,200,"male"
3511,-140,130,"male"
3512,-750,600,"male"
3513,-200,185,"male"
3514,-210,190,"male"
3515,-190,175,"male"
3516,110,-120,"male"
3517,150,-160,"male"
3518,-310,280,"male"
3519,-125,115,"male"
3520,-325,295,"male"
3521,155,-165,"male"
3522,-125,115,"male"
3523,120,-130,"male"
3524,210,-230,"male"
3525,-220,200,"male"
3526,235,-255,"male"
3527,155,-165,"male"
3528,130,-140,"male"
3529,-380,340,"male"
3530,-330,300,"male"
3531,190,-210,"male"
3532,-415,370,"male"
3533,-190,175,"male"
3534,110,-120,"male"
3535,-355,295,"male"
3536,130,-140,"male"
3537,-395,350,"male"
3538,-190,175,"male"
3539,-280,255,"male"
3540,-300,270,"male"
3541,185,-200,"male"
3542,-143,133,"male"
3543,-705,570,"male"
3544,-115,105,"male"
3545,-290,260,"male"
3546,-153,143,"male"
3547,-190,175,"male"
3548,140,-150,"male"
3549,170,-185,"male"
3550,125,-135,"male"
3551,-315,258,"male"
3552,240,-260,"male"
3553,-475,420,"male"
3554,-178,167,"male"
3555,185,-200,"male"
3556,-120,110,"male"
3557,185,-200,"male"
3558,-115,105,"male"
3559,-260,240,"male"
3560,-155,145,"male"
3561,-220,200,"male"
3562,-355,320,"male"
3563,-230,190,"male"
3564,-215,195,"male"
3565,-165,155,"male"
3566,-150,140,"male"
3567,-370,330,"male"
3568,110,-120,"male"
3569,-210,190,"male"
3570,-155,145,"male"
3571,-330,300,"male"
3572,140,-150,"male"
3573,-110,100,"male"
3574,-185,170,"male"
3575,-190,175,"male"
3576,150,-160,"male"
3577,-230,190,"male"
3578,-105,-105,"male"
3579,-125,115,"male"
3580,150,-160,"male"
3581,-130,120,"male"
3582,-130,120,"male"
3583,-230,210,"male"
3584,-155,145,"male"
3585,-178,167,"male"
3586,240,-260,"male"
3587,185,-200,"male"
3588,-140,130,"male"
3589,-345,315,"male"
3590,-174,164,"male"
3591,-310,280,"male"
3592,177,-192,"male"
3593,-280,255,"male"
3594,-185,170,"male"
3595,-475,420,"male"
3596,-400,355,"male"
3597,-162,152,"male"
3598,-170,150,"male"
3599,-130,120,"male"
3600,-260,240,"male"
3601,-540,460,"male"
3602,-155,145,"male"
3603,-130,120,"male"
3604,-190,175,"male"
3605,215,-235,"male"
3606,-118,108,"male"
3607,290,-350,"male"
3608,-105,-105,"male"
3609,-220,200,"male"
3610,-305,275,"male"
3611,130,-140,"male"
3612,200,-220,"male"
3613,-160,150,"male"
3614,170,-185,"male"
3615,-430,380,"male"
3616,-365,328,"male"
3617,110,-120,"male"
3618,215,-235,"male"
3619,150,-160,"male"
3620,123,-133,"male"
3621,-210,190,"male"
3622,-150,140,"male"
3623,-315,285,"male"
3624,-510,440,"male"
3625,-185,170,"male"
3626,245,-265,"male"
3627,140,-150,"male"
3628,-110,100,"male"
3629,240,-280,"male"
3630,-130,110,"male"
3631,-510,440,"male"
3632,-660,540,"male"
3633,-215,195,"male"
3634,-105,-105,"male"
3635,-480,423,"male"
3636,-290,260,"male"
3637,-300,270,"male"
3638,200,-220,"male"
3639,200,-220,"male"
3640,-135,125,"male"
3641,135,-145,"male"
3642,215,-235,"male"
3643,-260,240,"male"
3644,-380,340,"male"
3645,-150,140,"male"
3646,170,-185,"male"
3647,170,-185,"male"
3648,-280,255,"male"
3649,-185,170,"male"
3650,177,-192,"male"
3651,-290,260,"male"
3652,-250,230,"male"
3653,-325,295,"male"
3654,-170,160,"male"
3655,-145,135,"male"
3656,-870,680,"male"
3657,-325,295,"male"
3658,-125,115,"male"
3659,-345,315,"male"
3660,135,-145,"male"
3661,-460,410,"male"
3662,-255,235,"male"
3663,-140,120,"male"
3664,-145,135,"male"
3665,200,-220,"male"
3666,-130,120,"male"
3667,-145,135,"male"
3668,255,-280,"male"
3669,315,-345,"male"
3670,-410,365,"male"
3671,-185,170,"male"
3672,-285,258,"male"
3673,-250,230,"male"
3674,-290,260,"male"
3675,-310,280,"male"
3676,-290,260,"male"
3677,-196,181,"male"
3678,320,-355,"male"
3679,101,-111,"male"
3680,130,-140,"male"
3681,-515,410,"male"
3682,-255,235,"male"
3683,-240,220,"male"
3684,-165,155,"male"
3685,130,-140,"male"
3686,115,-125,"male"
3687,-190,175,"male"
3688,140,-150,"male"
3689,-270,248,"male"
3690,-215,195,"male"
3691,-220,200,"male"
3692,-515,445,"male"
3693,115,-125,"male"
3694,-335,305,"male"
3695,-365,328,"male"
3696,-152,142,"male"
3697,290,-320,"male"
3698,-191,176,"male"
3699,-380,340,"male"
3700,142,-152,"male"
3701,-355,320,"male"
3702,-105,-105,"male"
3703,110,-130,"male"
3704,-560,475,"male"
3705,225,-245,"male"
3706,-170,160,"male"
3707,-145,135,"male"
3708,140,-150,"male"
3709,155,-165,"male"
3710,-430,380,"male"
3711,-200,185,"male"
3712,135,-145,"male"
3713,100,-110,"male"
3714,-360,325,"male"
3715,-310,280,"male"
3716,-140,130,"male"
3717,250,-275,"male"
3718,-230,210,"male"
3719,-125,115,"male"
3720,-500,435,"male"
3721,-530,455,"male"
3722,-305,275,"male"
3723,-125,115,"male"
3724,-140,130,"male"
3725,-192,177,"male"
3726,455,-530,"male"
3727,155,-165,"male"
3728,130,-140,"male"
3729,255,-280,"male"
3730,-225,205,"male"
3731,300,-330,"male"
3732,-165,155,"male"
3733,-325,295,"male"
3734,170,-185,"male"
3735,-345,315,"male"
3736,-265,245,"male"
3737,195,-215,"male"
3738,-475,420,"male"
3739,-210,190,"male"
3740,245,-265,"male"
3741,-110,100,"male"
3742,-560,475,"male"
3743,-255,235,"male"
3744,-176,166,"male"
3745,-152,142,"male"
3746,145,-155,"male"
3747,-142,132,"male"
3748,-230,210,"male"
3749,315,-345,"male"
3750,-192,177,"male"
3751,-320,290,"male"
3752,-215,195,"male"
3753,-350,318,"male"
3754,205,-225,"male"
3755,104,-114,"male"
3756,-225,205,"male"
3757,-105,-115,"male"
3758,-160,150,"male"
3759,-405,360,"male"
3760,-153,143,"male"
3761,180,-220,"male"
3762,-174,164,"male"
3763,-110,100,"male"
3764,138,-148,"male"
3765,-385,345,"male"
3766,-410,365,"male"
3767,300,-330,"male"
3768,-155,145,"male"
3769,-410,365,"male"
3770,-135,125,"male"
3771,-375,335,"male"
3772,-125,115,"male"
3773,245,-265,"male"
3774,-225,205,"male"
3775,165,-175,"male"
3776,-260,240,"male"
3777,-390,348,"male"
3778,-105,-105,"male"
3779,248,-270,"male"
3780,-300,270,"male"
3781,-120,110,"male"
3782,205,-225,"male"
3783,115,-125,"male"
3784,-335,305,"male"
3785,-355,320,"male"
3786,-660,540,"male"
3787,120,-130,"male"
3788,145,-155,"male"
3789,-210,190,"male"
3790,235,-255,"male"
3791,-205,188,"male"
3792,105,-115,"male"
3793,118,-128,"male"
3794,190,-210,"male"
3795,-410,365,"male"
3796,-315,285,"male"
3797,215,-235,"male"
3798,-295,265,"male"
3799,-380,340,"male"
3800,-195,180,"male"
3801,-115,105,"male"
3802,-120,110,"male"
3803,-125,115,"male"
3804,-355,320,"male"
3805,-260,240,"male"
3806,215,-235,"male"
3807,-500,435,"male"
3808,-290,260,"male"
3809,-280,255,"male"
3810,255,-280,"male"
3811,-135,125,"male"
3812,-400,355,"male"
3813,-155,145,"male"
3814,-550,425,"male"
3815,-165,155,"male"
3816,-200,185,"male"
3817,-220,200,"male"
3818,-155,145,"male"
3819,-173,163,"male"
3820,-390,320,"male"
3821,-174,164,"male"
3822,-260,240,"male"
3823,100,-110,"male"
3824,-500,435,"male"
3825,350,-395,"male"
3826,-355,320,"male"
3827,-420,375,"male"
3828,-255,235,"male"
3829,-340,310,"male"
3830,177,-192,"male"
3831,125,-135,"male"
3832,-220,200,"male"
3833,-152,142,"male"
3834,-135,125,"male"
3835,-174,164,"male"
3836,185,-200,"male"
3837,-290,260,"male"
3838,170,-185,"male"
3839,-415,370,"male"
3840,-210,175,"male"
3841,-165,155,"male"
3842,140,-150,"male"
3843,-230,210,"male"
3844,-130,120,"male"
3845,320,-390,"male"
3846,-600,500,"male"
3847,-210,190,"male"
3848,248,-270,"male"
3849,230,-250,"male"
3850,-240,220,"male"
3851,-185,170,"male"
3852,-245,225,"male"
3853,-415,370,"male"
3854,-155,145,"male"
3855,-280,255,"male"
3856,-475,420,"male"
3857,170,-185,"male"
3858,-104,-106,"male"
3859,-170,160,"male"
3860,104,-114,"male"
3861,-395,350,"male"
3862,-240,220,"male"
3863,-295,265,"male"
3864,122,-132,"male"
3865,200,-220,"male"
3866,-420,375,"male"
3867,-440,390,"male"
3868,-120,100,"male"
3869,-385,345,"male"
3870,-375,335,"male"
3871,-320,290,"male"
3872,115,-125,"male"
3873,-135,125,"male"
3874,-255,235,"male"
3875,140,-150,"male"
3876,-540,460,"male"
3877,-164,154,"male"
3878,-142,132,"male"
3879,-210,190,"male"
3880,130,-140,"male"
3881,-185,170,"male"
3882,-200,185,"male"
3883,-105,-105,"male"
3884,500,-600,"male"
3885,101,-111,"male"
3886,-280,255,"male"
3887,-215,195,"male"
3888,-315,285,"male"
3889,205,-245,"male"
3890,-145,135,"male"
3891,160,-170,"male"
3892,-200,185,"male"
3893,415,-470,"male"
3894,235,-255,"male"
3895,235,-255,"male"
3896,-255,215,"male"
3897,-170,150,"male"
3898,-320,260,"male"
3899,-110,-110,"male"
3900,145,-165,"male"
3901,-165,145,"male"
3902,-560,430,"male"
3903,145,-155,"male"
3904,-220,200,"male"
3905,-150,140,"male"
3906,-143,133,"male"
3907,325,-400,"male"
3908,167,-178,"male"
3909,420,-475,"male"
3910,265,-325,"male"
3911,-130,110,"male"
3912,-335,275,"male"
3913,115,-135,"male"
3914,175,-210,"male"
3915,-105,-115,"male"
3916,200,-220,"male"
3917,-130,110,"male"
3918,165,-190,"male"
3919,-175,155,"male"
3920,300,-360,"male"
3921,-420,335,"male"
3922,250,-300,"male"
3923,170,-200,"male"
3924,-460,365,"male"
3925,-230,190,"male"
3926,-305,275,"male"
3927,-120,110,"male"
3928,118,-128,"male"
3929,-230,210,"male"
3930,-140,130,"male"
3931,-120,110,"male"
3932,-125,115,"male"
3933,-430,380,"male"
3934,-380,340,"male"
3935,315,-345,"male"
3936,-455,405,"male"
3937,-500,435,"male"
3938,-350,318,"male"
3939,-102,-108,"male"
3940,140,-150,"male"
3941,127,-137,"male"
3942,-200,185,"male"
3943,110,-120,"male"
3944,-185,170,"male"
3945,115,-125,"male"
3946,-170,160,"male"
3947,-160,150,"male"
3948,-255,235,"male"
3949,-173,163,"male"
3950,220,-240,"male"
3951,-125,105,"male"
3952,-300,250,"male"
3953,190,-210,"male"
3954,-390,320,"male"
3955,-460,365,"male"
3956,180,-220,"male"
3957,-325,265,"male"
3958,175,-210,"male"
3959,160,-185,"male"
3960,195,-215,"male"
3961,-400,355,"male"
3962,-255,235,"male"
3963,285,-315,"male"
3964,225,-245,"male"
3965,-185,160,"male"
3966,-260,220,"male"
3967,-150,130,"male"
3968,125,-145,"male"
3969,-450,360,"male"
3970,175,-210,"male"
3971,-165,145,"male"
3972,125,-135,"male"
3973,160,-170,"male"
3974,190,-230,"male"
3975,-310,255,"male"
3976,-145,125,"male"
3977,-130,110,"male"
3978,105,-115,"male"
3979,-225,185,"male"
3980,185,-225,"male"
3981,140,-160,"male"
3982,-235,195,"male"
3983,170,-185,"male"
3984,-290,260,"male"
3985,-360,325,"male"
3986,260,-320,"male"
3987,170,-185,"male"
3988,-185,160,"male"
3989,-350,290,"male"
3990,100,-120,"male"
3991,-190,165,"male"
3992,-300,250,"male"
3993,225,-265,"male"
3994,-155,135,"male"
3995,-210,190,"male"
3996,118,-128,"male"
3997,-285,258,"male"
3998,-280,255,"male"
3999,-320,290,"male"
4000,-275,235,"male"
4001,-365,305,"male"
4002,-115,-105,"male"
4003,-220,180,"male"
4004,115,-135,"male"
4005,-240,200,"male"
4006,205,-225,"male"
4007,-250,230,"male"
4008,-250,230,"male"
4009,-174,164,"male"
4010,-135,125,"male"
4011,255,-310,"male"
4012,-125,105,"male"
4013,290,-350,"male"
4014,-110,-110,"male"
4015,-220,180,"male"
4016,100,-120,"male"
4017,137,-147,"male"
4018,-147,137,"male"
4019,125,-135,"male"
4020,121,-131,"male"
4021,-137,127,"male"
4022,-300,250,"male"
4023,250,-300,"male"
4024,240,-280,"male"
4025,-225,185,"male"
4026,-115,-105,"male"
4027,170,-200,"male"
4028,-440,390,"male"
4029,-120,110,"male"
4030,140,-150,"male"
4031,-240,220,"male"
4032,-300,270,"male"
4033,210,-250,"male"
4034,-150,130,"male"
4035,140,-160,"male"
4036,-250,210,"male"
4037,130,-150,"male"
4038,-145,125,"male"
4039,-230,190,"male"
4040,-240,220,"male"
4041,265,-295,"male"
4042,-178,167,"male"
4043,165,-190,"male"
4044,-110,-110,"male"
4045,235,-275,"male"
4046,150,-170,"male"
4047,-120,100,"male"
4048,-190,165,"male"
4049,140,-160,"male"
4050,215,-235,"male"
4051,195,-215,"male"
4052,-250,230,"male"
4053,-485,425,"male"
4054,-225,205,"male"
4055,120,-130,"male"
4056,115,-125,"male"
4057,-160,140,"male"
4058,355,-445,"male"
4059,-200,170,"male"
4060,-230,190,"male"
4061,-190,175,"male"
4062,105,-115,"male"
4063,-265,245,"male"
4064,-108,-102,"male"
4065,280,-340,"male"
4066,-220,180,"male"
4067,-230,190,"male"
4068,-220,180,"male"
4069,-105,-115,"male"
4070,-115,-105,"male"
4071,-165,155,"male"
4072,-170,160,"male"
4073,130,-140,"male"
4074,163,-173,"male"
4075,125,-145,"male"
4076,-250,210,"male"
4077,-175,155,"male"
4078,125,-145,"male"
4079,-200,170,"male"
4080,-110,-110,"male"
4081,-225,185,"male"
4082,-210,190,"male"
4083,-170,160,"male"
4084,-475,420,"male"
4085,-178,167,"male"
4086,145,-165,"male"
4087,135,-155,"male"
4088,145,-165,"male"
4089,-185,160,"male"
4090,-210,175,"male"
4091,200,-240,"male"
4092,-210,190,"male"
4093,160,-170,"male"
4094,125,-135,"male"
4095,167,-178,"male"
4096,-105,-105,"male"
4097,-255,235,"male"
4098,-174,164,"male"
4099,-280,240,"male"
4100,140,-160,"male"
4101,-220,180,"male"
4102,-190,165,"male"
4103,-235,215,"male"
4104,-155,145,"male"
4105,-125,115,"male"
4106,190,-210,"male"
4107,105,-125,"male"
4108,-185,160,"male"
4109,-155,135,"male"
4110,168,-195,"male"
4111,140,-160,"male"
4112,-240,200,"male"
4113,248,-270,"male"
4114,-600,500,"male"
4115,-210,190,"male"
4116,-140,130,"male"
4117,-190,175,"male"
4118,-320,290,"male"
4119,-115,105,"male"
4120,-230,190,"male"
4121,-200,170,"male"
4122,-325,265,"male"
4123,-460,410,"male"
4124,116,-126,"male"
4125,116,-126,"male"
4126,178,-193,"male"
4127,315,-345,"male"
4128,-150,130,"male"
4129,600,-900,"male"
4130,-370,310,"male"
4131,290,-350,"male"
4132,-200,170,"male"
4133,-300,250,"male"
4134,-752,602,"male"
4135,185,-200,"male"
4136,181,-196,"male"
4137,-320,290,"male"
4138,-105,-115,"male"
4139,180,-220,"male"
4140,-160,140,"male"
4141,180,-220,"male"
4142,200,-240,"male"
4143,-195,168,"male"
4144,-145,135,"male"
4145,177,-192,"male"
4146,-180,168,"male"
4147,-190,175,"male"
4148,-158,148,"male"
4149,-305,275,"male"
4150,150,-170,"male"
4151,130,-140,"male"
4152,-250,210,"male"
4153,170,-200,"male"
4154,125,-145,"male"
4155,-220,180,"male"
4156,140,-150,"male"
4157,280,-310,"male"
4158,-190,165,"male"
4159,120,-140,"male"
4160,-200,170,"male"
4161,-220,180,"male"
4162,155,-175,"male"
4163,-160,140,"male"
4164,165,-190,"male"
4165,-119,109,"male"
4166,163,-173,"male"
4167,-218,198,"male"
4168,170,-185,"male"
4169,118,-128,"male"
4170,-180,168,"male"
4171,-102,-108,"male"
4172,205,-245,"male"
4173,-325,265,"male"
4174,215,-255,"male"
4175,110,-130,"male"
4176,-109,-101,"male"
4177,-195,180,"male"
4178,-275,250,"male"
4179,435,-500,"male"
4180,-215,195,"male"
4181,100,-110,"male"
4182,-400,355,"male"
4183,-370,310,"male"
4184,-310,255,"male"
4185,-200,170,"male"
4186,-150,130,"male"
4187,-190,175,"male"
4188,-250,230,"male"
4189,-190,175,"male"
4190,-103,-107,"male"
4191,107,-117,"male"
4192,-600,450,"male"
4193,-440,350,"male"
4194,325,-400,"male"
4195,190,-230,"male"
4196,-255,215,"male"
4197,-175,155,"male"
4198,-675,550,"male"
4199,-780,620,"male"
4200,-380,340,"male"
4201,-135,125,"male"
4202,160,-170,"male"
4203,350,-440,"male"
4204,145,-165,"male"
4205,140,-160,"male"
4206,220,-260,"male"
4207,-245,205,"male"
4208,-360,300,"male"
4209,-350,290,"male"
4210,-230,190,"male"
4211,-220,180,"male"
4212,-190,165,"male"
4213,190,-230,"male"
4214,130,-150,"male"
4215,270,-330,"male"
4216,-650,475,"male"
4217,-155,135,"male"
4218,173,-205,"male"
4219,-650,550,"male"
4220,-150,140,"male"
4221,-210,190,"male"
4222,295,-325,"male"
4223,-320,290,"male"
4224,-235,195,"male"
4225,-185,160,"male"
4226,-220,180,"male"
4227,-160,140,"male"
4228,-230,190,"male"
4229,215,-235,"male"
4230,-250,230,"male"
4231,-345,315,"male"
4232,-120,100,"male"
4233,-420,335,"male"
4234,145,-165,"male"
4235,-155,135,"male"
4236,-210,175,"male"
4237,-260,220,"male"
4238,-420,335,"male"
4239,140,-160,"male"
